,AAA023D18,AAA023J06,AAA024D14,AAA027E14,AAA027J17,AAA027L06,AAA027L17,AAA027M14,AAA028A23,AAA028E20,AAA028G02,AAA028I14,AAA028K15,AAA028P02,AAA041L13,AAA044D11,AAA044N04,AAA044O16,AAA278I18,AAA278O22,AB141P03,acIB-AMD-6,acIB-AMD-7,acMicro-1,acMicro-4,BIN_10,BIN_15,bin_29_2_acIII,bin_7_acI-B2,MEint10152,MEint1091,MEint11576,MEint1363,MEint14260,MEint1719,MEint1953,MEint2297,MEint2538,MEint2729,MEint283,MEint3119,MEint3163,MEint3864,MEint4252,MEint885,Rhodoluna,TBepi149,TBepi2057,TBepi2754,TBepi2973,TBepi3207,TBepi3256,TBepi3475,TBepi4163,TBepi4208,TBhypo2152,TBhypo3180,TBhypo3219,TBhypo3463,TBhypo3765,TBhypo3838,TBhypo680,TBhypo9906
AAA023D18,0.0,0.117647058824,0.152941176471,0.305882352941,0.223529411765,0.235294117647,0.329411764706,0.176470588235,0.164705882353,0.188235294118,0.294117647059,0.258823529412,0.270588235294,0.388235294118,0.270588235294,0.223529411765,0.223529411765,0.294117647059,0.164705882353,0.305882352941,0.0705882352941,0.0941176470588,0.164705882353,0.294117647059,0.258823529412,0.247058823529,0.364705882353,0.423529411765,0.258823529412,0.470588235294,0.4,0.376470588235,0.141176470588,0.423529411765,0.447058823529,0.458823529412,0.270588235294,0.423529411765,0.435294117647,0.2,0.235294117647,0.423529411765,0.164705882353,0.235294117647,0.2,0.458823529412,0.0235294117647,0.188235294118,0.247058823529,0.329411764706,0.211764705882,0.376470588235,0.223529411765,0.223529411765,0.247058823529,0.152941176471,0.388235294118,0.388235294118,0.2,0.258823529412,0.0823529411765,0.223529411765,0.329411764706
AAA023J06,0.132231404959,0.0,0.140495867769,0.247933884298,0.206611570248,0.247933884298,0.223140495868,0.214876033058,0.181818181818,0.198347107438,0.297520661157,0.181818181818,0.272727272727,0.355371900826,0.264462809917,0.231404958678,0.239669421488,0.256198347107,0.181818181818,0.256198347107,0.099173553719,0.123966942149,0.157024793388,0.305785123967,0.289256198347,0.239669421488,0.404958677686,0.396694214876,0.272727272727,0.438016528926,0.380165289256,0.347107438017,0.198347107438,0.371900826446,0.380165289256,0.396694214876,0.280991735537,0.314049586777,0.388429752066,0.198347107438,0.256198347107,0.404958677686,0.198347107438,0.264462809917,0.173553719008,0.429752066116,0.0247933884298,0.239669421488,0.280991735537,0.371900826446,0.256198347107,0.338842975207,0.247933884298,0.206611570248,0.280991735537,0.157024793388,0.404958677686,0.380165289256,0.272727272727,0.272727272727,0.173553719008,0.280991735537,0.305785123967
AAA024D14,0.25,0.2,0.0,0.35,0.25,0.3625,0.4125,0.2125,0.2875,0.2125,0.3875,0.2875,0.375,0.475,0.375,0.3375,0.325,0.3875,0.3,0.4125,0.2125,0.1125,0.1375,0.425,0.4375,0.3625,0.5125,0.525,0.3375,0.575,0.575,0.5125,0.3,0.55,0.6,0.55,0.35,0.4625,0.5625,0.1625,0.3625,0.55,0.275,0.35,0.3,0.575,0.0625,0.35,0.3875,0.525,0.325,0.55,0.325,0.375,0.3375,0.2625,0.5875,0.575,0.375,0.3875,0.2125,0.3625,0.425
AAA027E14,0.212765957447,0.127659574468,0.127659574468,0.0,0.212765957447,0.234042553191,0.191489361702,0.191489361702,0.212765957447,0.212765957447,0.297872340426,0.191489361702,0.148936170213,0.446808510638,0.255319148936,0.212765957447,0.276595744681,0.297872340426,0.191489361702,0.255319148936,0.191489361702,0.148936170213,0.191489361702,0.36170212766,0.276595744681,0.234042553191,0.31914893617,0.468085106383,0.234042553191,0.404255319149,0.340425531915,0.234042553191,0.212765957447,0.255319148936,0.31914893617,0.446808510638,0.31914893617,0.404255319149,0.340425531915,0.234042553191,0.255319148936,0.31914893617,0.212765957447,0.297872340426,0.212765957447,0.446808510638,0.0425531914894,0.276595744681,0.276595744681,0.276595744681,0.255319148936,0.31914893617,0.276595744681,0.255319148936,0.276595744681,0.212765957447,0.276595744681,0.212765957447,0.31914893617,0.297872340426,0.170212765957,0.255319148936,0.234042553191
AAA027J17,0.21875,0.28125,0.15625,0.40625,0.0,0.234375,0.46875,0.109375,0.21875,0.109375,0.328125,0.25,0.375,0.359375,0.3125,0.25,0.328125,0.296875,0.203125,0.359375,0.203125,0.046875,0.09375,0.390625,0.328125,0.265625,0.515625,0.5,0.25,0.546875,0.578125,0.484375,0.21875,0.546875,0.578125,0.53125,0.296875,0.375,0.5625,0.109375,0.328125,0.59375,0.28125,0.296875,0.234375,0.453125,0.09375,0.265625,0.265625,0.453125,0.3125,0.578125,0.25,0.375,0.296875,0.265625,0.53125,0.53125,0.328125,0.359375,0.1875,0.234375,0.453125
AAA027L06,0.030303030303,0.0909090909091,0.0606060606061,0.227272727273,0.030303030303,0.0,0.333333333333,0.0454545454545,0.030303030303,0.0757575757576,0.121212121212,0.0606060606061,0.227272727273,0.287878787879,0.121212121212,0.0757575757576,0.136363636364,0.106060606061,0.030303030303,0.151515151515,0.030303030303,0.030303030303,0.030303030303,0.333333333333,0.136363636364,0.0757575757576,0.30303030303,0.409090909091,0.0454545454545,0.424242424242,0.393939393939,0.318181818182,0.0454545454545,0.348484848485,0.393939393939,0.378787878788,0.106060606061,0.287878787879,0.378787878788,0.0,0.121212121212,0.363636363636,0.0909090909091,0.0909090909091,0.0606060606061,0.363636363636,0.030303030303,0.0606060606061,0.0606060606061,0.272727272727,0.0757575757576,0.363636363636,0.0909090909091,0.181818181818,0.0606060606061,0.0606060606061,0.348484848485,0.348484848485,0.121212121212,0.136363636364,0.0151515151515,0.0454545454545,0.318181818182
AAA027L17,0.134328358209,0.089552238806,0.119402985075,0.089552238806,0.194029850746,0.238805970149,0.0,0.194029850746,0.179104477612,0.164179104478,0.283582089552,0.208955223881,0.119402985075,0.328358208955,0.268656716418,0.208955223881,0.223880597015,0.268656716418,0.164179104478,0.223880597015,0.179104477612,0.134328358209,0.208955223881,0.208955223881,0.238805970149,0.223880597015,0.238805970149,0.313432835821,0.268656716418,0.283582089552,0.253731343284,0.194029850746,0.149253731343,0.179104477612,0.223880597015,0.358208955224,0.253731343284,0.298507462687,0.223880597015,0.179104477612,0.223880597015,0.268656716418,0.179104477612,0.223880597015,0.164179104478,0.34328358209,0.0298507462687,0.208955223881,0.253731343284,0.223880597015,0.208955223881,0.238805970149,0.223880597015,0.223880597015,0.238805970149,0.149253731343,0.268656716418,0.223880597015,0.253731343284,0.238805970149,0.134328358209,0.223880597015,0.194029850746
AAA027M14,0.131578947368,0.236842105263,0.184210526316,0.157894736842,0.263157894737,0.289473684211,0.263157894737,0.0,0.236842105263,0.210526315789,0.342105263158,0.263157894737,0.131578947368,0.289473684211,0.263157894737,0.210526315789,0.368421052632,0.315789473684,0.157894736842,0.421052631579,0.105263157895,0.0,0.210526315789,0.289473684211,0.289473684211,0.368421052632,0.289473684211,0.526315789474,0.315789473684,0.342105263158,0.394736842105,0.315789473684,0.184210526316,0.289473684211,0.421052631579,0.578947368421,0.236842105263,0.342105263158,0.368421052632,0.210526315789,0.236842105263,0.394736842105,0.289473684211,0.210526315789,0.289473684211,0.473684210526,0.0,0.263157894737,0.236842105263,0.236842105263,0.263157894737,0.368421052632,0.236842105263,0.315789473684,0.236842105263,0.210526315789,0.342105263158,0.342105263158,0.263157894737,0.342105263158,0.184210526316,0.236842105263,0.289473684211
AAA028A23,0.0151515151515,0.0606060606061,0.0606060606061,0.257575757576,0.0909090909091,0.106060606061,0.257575757576,0.106060606061,0.0,0.121212121212,0.181818181818,0.136363636364,0.257575757576,0.318181818182,0.166666666667,0.121212121212,0.106060606061,0.181818181818,0.106060606061,0.166666666667,0.0151515151515,0.030303030303,0.030303030303,0.272727272727,0.166666666667,0.136363636364,0.348484848485,0.333333333333,0.121212121212,0.484848484848,0.363636363636,0.30303030303,0.0454545454545,0.333333333333,0.363636363636,0.439393939394,0.151515151515,0.363636363636,0.378787878788,0.106060606061,0.151515151515,0.393939393939,0.0757575757576,0.136363636364,0.121212121212,0.393939393939,0.0454545454545,0.0909090909091,0.136363636364,0.363636363636,0.0909090909091,0.318181818182,0.106060606061,0.151515151515,0.151515151515,0.0606060606061,0.393939393939,0.363636363636,0.106060606061,0.166666666667,0.0454545454545,0.121212121212,0.287878787879
AAA028E20,0.211267605634,0.183098591549,0.140845070423,0.380281690141,0.197183098592,0.323943661972,0.464788732394,0.169014084507,0.323943661972,0.0,0.352112676056,0.239436619718,0.464788732394,0.408450704225,0.366197183099,0.281690140845,0.338028169014,0.338028169014,0.253521126761,0.30985915493,0.253521126761,0.112676056338,0.169014084507,0.366197183099,0.366197183099,0.30985915493,0.521126760563,0.56338028169,0.352112676056,0.535211267606,0.577464788732,0.492957746479,0.267605633803,0.535211267606,0.591549295775,0.521126760563,0.338028169014,0.366197183099,0.577464788732,0.140845070423,0.295774647887,0.56338028169,0.295774647887,0.323943661972,0.239436619718,0.521126760563,0.0704225352113,0.323943661972,0.366197183099,0.464788732394,0.380281690141,0.521126760563,0.352112676056,0.338028169014,0.323943661972,0.267605633803,0.549295774648,0.521126760563,0.380281690141,0.352112676056,0.267605633803,0.323943661972,0.492957746479
AAA028G02,0.0,0.032967032967,0.021978021978,0.164835164835,0.043956043956,0.043956043956,0.21978021978,0.032967032967,0.032967032967,0.021978021978,0.0,0.032967032967,0.153846153846,0.197802197802,0.043956043956,0.021978021978,0.043956043956,0.021978021978,0.010989010989,0.0549450549451,0.010989010989,0.021978021978,0.032967032967,0.21978021978,0.0879120879121,0.032967032967,0.197802197802,0.263736263736,0.032967032967,0.307692307692,0.252747252747,0.175824175824,0.021978021978,0.208791208791,0.263736263736,0.274725274725,0.032967032967,0.208791208791,0.241758241758,0.021978021978,0.043956043956,0.252747252747,0.021978021978,0.032967032967,0.043956043956,0.252747252747,0.010989010989,0.032967032967,0.032967032967,0.186813186813,0.043956043956,0.230769230769,0.0549450549451,0.0769230769231,0.043956043956,0.021978021978,0.208791208791,0.208791208791,0.0549450549451,0.0769230769231,0.010989010989,0.032967032967,0.197802197802
AAA028I14,0.138613861386,0.0594059405941,0.118811881188,0.158415841584,0.168316831683,0.178217821782,0.257425742574,0.138613861386,0.158415841584,0.138613861386,0.237623762376,0.0,0.227722772277,0.277227722772,0.178217821782,0.19801980198,0.237623762376,0.188118811881,0.138613861386,0.227722772277,0.108910891089,0.049504950495,0.118811881188,0.326732673267,0.227722772277,0.178217821782,0.346534653465,0.425742574257,0.207920792079,0.415841584158,0.366336633663,0.326732673267,0.148514851485,0.346534653465,0.366336633663,0.336633663366,0.207920792079,0.247524752475,0.356435643564,0.138613861386,0.168316831683,0.376237623762,0.148514851485,0.217821782178,0.108910891089,0.405940594059,0.019801980198,0.188118811881,0.227722772277,0.306930693069,0.207920792079,0.326732673267,0.207920792079,0.178217821782,0.207920792079,0.138613861386,0.376237623762,0.346534653465,0.237623762376,0.207920792079,0.148514851485,0.207920792079,0.267326732673
AAA028K15,0.217948717949,0.397435897436,0.24358974359,0.179487179487,0.282051282051,0.333333333333,0.269230769231,0.307692307692,0.269230769231,0.333333333333,0.576923076923,0.448717948718,0.0,0.628205128205,0.564102564103,0.538461538462,0.589743589744,0.576923076923,0.25641025641,0.564102564103,0.230769230769,0.230769230769,0.25641025641,0.589743589744,0.615384615385,0.358974358974,0.538461538462,0.666666666667,0.5,0.628205128205,0.589743589744,0.333333333333,0.333333333333,0.538461538462,0.615384615385,0.692307692308,0.602564102564,0.589743589744,0.551282051282,0.307692307692,0.576923076923,0.589743589744,0.307692307692,0.564102564103,0.282051282051,0.705128205128,0.24358974359,0.576923076923,0.564102564103,0.538461538462,0.551282051282,0.564102564103,0.512820512821,0.538461538462,0.551282051282,0.5,0.576923076923,0.551282051282,0.576923076923,0.551282051282,0.192307692308,0.346153846154,0.474358974359
AAA028P02,0.0886075949367,0.0759493670886,0.101265822785,0.113924050633,0.0886075949367,0.113924050633,0.189873417722,0.0759493670886,0.101265822785,0.113924050633,0.164556962025,0.0759493670886,0.101265822785,0.0,0.126582278481,0.0886075949367,0.151898734177,0.151898734177,0.0886075949367,0.164556962025,0.0759493670886,0.0506329113924,0.0759493670886,0.101265822785,0.113924050633,0.139240506329,0.189873417722,0.20253164557,0.0759493670886,0.189873417722,0.227848101266,0.189873417722,0.0632911392405,0.177215189873,0.227848101266,0.189873417722,0.113924050633,0.101265822785,0.215189873418,0.0886075949367,0.113924050633,0.227848101266,0.113924050633,0.0886075949367,0.113924050633,0.151898734177,0.0379746835443,0.101265822785,0.0886075949367,0.20253164557,0.101265822785,0.240506329114,0.101265822785,0.151898734177,0.113924050633,0.113924050633,0.227848101266,0.215189873418,0.113924050633,0.164556962025,0.0632911392405,0.0759493670886,0.215189873418
AAA041L13,0.0412371134021,0.0103092783505,0.0309278350515,0.144329896907,0.0618556701031,0.0721649484536,0.237113402062,0.0309278350515,0.0721649484536,0.0824742268041,0.0927835051546,0.0103092783505,0.164948453608,0.19587628866,0.0,0.0515463917526,0.0824742268041,0.0824742268041,0.0309278350515,0.0927835051546,0.0103092783505,0.020618556701,0.0412371134021,0.216494845361,0.0927835051546,0.0721649484536,0.247422680412,0.298969072165,0.0721649484536,0.309278350515,0.257731958763,0.226804123711,0.0412371134021,0.237113402062,0.257731958763,0.309278350515,0.0515463917526,0.20618556701,0.257731958763,0.0618556701031,0.0515463917526,0.278350515464,0.0515463917526,0.0618556701031,0.020618556701,0.268041237113,0.0103092783505,0.0515463917526,0.0721649484536,0.216494845361,0.0824742268041,0.268041237113,0.0515463917526,0.134020618557,0.0618556701031,0.0618556701031,0.247422680412,0.247422680412,0.0824742268041,0.113402061856,0.0309278350515,0.0618556701031,0.216494845361
AAA044D11,0.0425531914894,0.063829787234,0.0851063829787,0.18085106383,0.0744680851064,0.0957446808511,0.223404255319,0.063829787234,0.0851063829787,0.0744680851064,0.127659574468,0.106382978723,0.18085106383,0.234042553191,0.127659574468,0.0,0.13829787234,0.117021276596,0.0425531914894,0.106382978723,0.0744680851064,0.031914893617,0.0744680851064,0.212765957447,0.117021276596,0.106382978723,0.244680851064,0.31914893617,0.0957446808511,0.31914893617,0.276595744681,0.244680851064,0.0425531914894,0.244680851064,0.287234042553,0.308510638298,0.0957446808511,0.223404255319,0.265957446809,0.0531914893617,0.0957446808511,0.287234042553,0.106382978723,0.063829787234,0.0957446808511,0.287234042553,0.0212765957447,0.0744680851064,0.0851063829787,0.223404255319,0.0851063829787,0.265957446809,0.0851063829787,0.13829787234,0.063829787234,0.0425531914894,0.265957446809,0.234042553191,0.106382978723,0.13829787234,0.0531914893617,0.0744680851064,0.212765957447
AAA044N04,0.0102040816327,0.0102040816327,0.0,0.183673469388,0.0816326530612,0.0816326530612,0.204081632653,0.0816326530612,0.030612244898,0.0510204081633,0.0918367346939,0.0816326530612,0.183673469388,0.214285714286,0.0714285714286,0.0714285714286,0.0,0.0816326530612,0.0612244897959,0.112244897959,0.0,0.030612244898,0.0204081632653,0.183673469388,0.112244897959,0.0816326530612,0.234693877551,0.255102040816,0.0918367346939,0.34693877551,0.255102040816,0.224489795918,0.0510204081633,0.244897959184,0.265306122449,0.316326530612,0.0816326530612,0.244897959184,0.255102040816,0.0816326530612,0.0816326530612,0.265306122449,0.0408163265306,0.0816326530612,0.0714285714286,0.285714285714,0.0204081632653,0.0510204081633,0.0918367346939,0.214285714286,0.0612244897959,0.234693877551,0.0510204081633,0.102040816327,0.102040816327,0.030612244898,0.244897959184,0.234693877551,0.0612244897959,0.122448979592,0.0102040816327,0.0918367346939,0.19387755102
AAA044O16,0.010989010989,0.032967032967,0.0,0.164835164835,0.032967032967,0.032967032967,0.208791208791,0.010989010989,0.021978021978,0.0,0.021978021978,0.021978021978,0.175824175824,0.197802197802,0.032967032967,0.010989010989,0.032967032967,0.0,0.010989010989,0.0549450549451,0.0,0.010989010989,0.010989010989,0.208791208791,0.0769230769231,0.021978021978,0.197802197802,0.274725274725,0.043956043956,0.307692307692,0.241758241758,0.186813186813,0.010989010989,0.208791208791,0.252747252747,0.285714285714,0.021978021978,0.186813186813,0.230769230769,0.0,0.021978021978,0.252747252747,0.021978021978,0.021978021978,0.032967032967,0.252747252747,0.010989010989,0.021978021978,0.021978021978,0.186813186813,0.032967032967,0.230769230769,0.043956043956,0.0879120879121,0.032967032967,0.010989010989,0.21978021978,0.21978021978,0.043956043956,0.0769230769231,0.021978021978,0.021978021978,0.186813186813
AAA278I18,0.038961038961,0.155844155844,0.0779220779221,0.207792207792,0.12987012987,0.168831168831,0.324675324675,0.0909090909091,0.142857142857,0.103896103896,0.181818181818,0.116883116883,0.207792207792,0.311688311688,0.168831168831,0.116883116883,0.207792207792,0.181818181818,0.0,0.220779220779,0.0649350649351,0.038961038961,0.12987012987,0.324675324675,0.207792207792,0.168831168831,0.311688311688,0.480519480519,0.168831168831,0.415584415584,0.402597402597,0.285714285714,0.103896103896,0.350649350649,0.415584415584,0.428571428571,0.155844155844,0.337662337662,0.376623376623,0.0649350649351,0.155844155844,0.38961038961,0.12987012987,0.142857142857,0.12987012987,0.415584415584,0.025974025974,0.142857142857,0.155844155844,0.298701298701,0.155844155844,0.376623376623,0.155844155844,0.220779220779,0.12987012987,0.103896103896,0.363636363636,0.350649350649,0.168831168831,0.207792207792,0.0649350649351,0.142857142857,0.298701298701
AAA278O22,0.0869565217391,0.0326086956522,0.130434782609,0.228260869565,0.119565217391,0.141304347826,0.260869565217,0.141304347826,0.130434782609,0.0217391304348,0.141304347826,0.0434782608696,0.20652173913,0.228260869565,0.152173913043,0.0978260869565,0.152173913043,0.141304347826,0.0760869565217,0.0,0.130434782609,0.0978260869565,0.119565217391,0.163043478261,0.141304347826,0.108695652174,0.271739130435,0.29347826087,0.108695652174,0.271739130435,0.282608695652,0.260869565217,0.0869565217391,0.260869565217,0.315217391304,0.239130434783,0.141304347826,0.163043478261,0.282608695652,0.0978260869565,0.0760869565217,0.282608695652,0.0978260869565,0.108695652174,0.0326086956522,0.260869565217,0.0108695652174,0.130434782609,0.141304347826,0.260869565217,0.163043478261,0.271739130435,0.141304347826,0.152173913043,0.108695652174,0.054347826087,0.304347826087,0.25,0.141304347826,0.130434782609,0.108695652174,0.119565217391,0.29347826087
AB141P03,0.111111111111,0.111111111111,0.185185185185,0.345679012346,0.246913580247,0.271604938272,0.395061728395,0.197530864198,0.197530864198,0.234567901235,0.308641975309,0.222222222222,0.283950617284,0.444444444444,0.271604938272,0.271604938272,0.271604938272,0.320987654321,0.197530864198,0.333333333333,0.0,0.111111111111,0.197530864198,0.358024691358,0.283950617284,0.283950617284,0.469135802469,0.469135802469,0.283950617284,0.543209876543,0.481481481481,0.382716049383,0.222222222222,0.444444444444,0.493827160494,0.506172839506,0.296296296296,0.444444444444,0.493827160494,0.222222222222,0.271604938272,0.493827160494,0.20987654321,0.283950617284,0.20987654321,0.493827160494,0.037037037037,0.222222222222,0.259259259259,0.41975308642,0.234567901235,0.432098765432,0.234567901235,0.246913580247,0.296296296296,0.197530864198,0.41975308642,0.432098765432,0.234567901235,0.271604938272,0.123456790123,0.259259259259,0.358024691358
acIB-AMD-6,0.276923076923,0.261538461538,0.153846153846,0.4,0.2,0.353846153846,0.461538461538,0.138461538462,0.292307692308,0.184615384615,0.384615384615,0.261538461538,0.461538461538,0.384615384615,0.338461538462,0.292307692308,0.369230769231,0.384615384615,0.276923076923,0.415384615385,0.246153846154,0.0,0.138461538462,0.4,0.353846153846,0.338461538462,0.553846153846,0.538461538462,0.353846153846,0.569230769231,0.6,0.492307692308,0.276923076923,0.553846153846,0.584615384615,0.553846153846,0.323076923077,0.430769230769,0.6,0.169230769231,0.338461538462,0.615384615385,0.292307692308,0.353846153846,0.276923076923,0.492307692308,0.0769230769231,0.338461538462,0.369230769231,0.553846153846,0.323076923077,0.584615384615,0.323076923077,0.384615384615,0.338461538462,0.292307692308,0.6,0.553846153846,0.353846153846,0.369230769231,0.261538461538,0.353846153846,0.476923076923
acIB-AMD-7,0.191176470588,0.235294117647,0.102941176471,0.426470588235,0.161764705882,0.279411764706,0.455882352941,0.147058823529,0.220588235294,0.176470588235,0.352941176471,0.264705882353,0.397058823529,0.441176470588,0.323529411765,0.279411764706,0.279411764706,0.338235294118,0.279411764706,0.367647058824,0.132352941176,0.0294117647059,0.0,0.411764705882,0.323529411765,0.294117647059,0.529411764706,0.5,0.294117647059,0.617647058824,0.544117647059,0.514705882353,0.235294117647,0.544117647059,0.573529411765,0.558823529412,0.294117647059,0.426470588235,0.544117647059,0.117647058824,0.323529411765,0.588235294118,0.205882352941,0.308823529412,0.264705882353,0.514705882353,0.0588235294118,0.235294117647,0.279411764706,0.514705882353,0.264705882353,0.514705882353,0.264705882353,0.352941176471,0.323529411765,0.220588235294,0.544117647059,0.514705882353,0.279411764706,0.352941176471,0.176470588235,0.25,0.455882352941
acMicro-1,0.0843373493976,0.0240963855422,0.0963855421687,0.168674698795,0.144578313253,0.192771084337,0.156626506024,0.168674698795,0.10843373494,0.120481927711,0.204819277108,0.120481927711,0.156626506024,0.168674698795,0.180722891566,0.144578313253,0.132530120482,0.204819277108,0.156626506024,0.144578313253,0.10843373494,0.10843373494,0.120481927711,0.0,0.168674698795,0.192771084337,0.253012048193,0.120481927711,0.168674698795,0.240963855422,0.240963855422,0.240963855422,0.0963855421687,0.240963855422,0.265060240964,0.192771084337,0.204819277108,0.144578313253,0.253012048193,0.156626506024,0.156626506024,0.265060240964,0.132530120482,0.180722891566,0.132530120482,0.192771084337,0.0120481927711,0.120481927711,0.204819277108,0.240963855422,0.144578313253,0.228915662651,0.144578313253,0.156626506024,0.180722891566,0.0963855421687,0.289156626506,0.240963855422,0.156626506024,0.180722891566,0.0963855421687,0.192771084337,0.180722891566
acMicro-4,0.054347826087,0.0434782608696,0.0760869565217,0.163043478261,0.0652173913043,0.0760869565217,0.228260869565,0.054347826087,0.0652173913043,0.0652173913043,0.0978260869565,0.0326086956522,0.173913043478,0.173913043478,0.0869565217391,0.054347826087,0.108695652174,0.0978260869565,0.054347826087,0.0869565217391,0.054347826087,0.0217391304348,0.0326086956522,0.173913043478,0.0,0.0760869565217,0.195652173913,0.271739130435,0.0652173913043,0.282608695652,0.239130434783,0.184782608696,0.054347826087,0.217391304348,0.239130434783,0.271739130435,0.0652173913043,0.217391304348,0.228260869565,0.0434782608696,0.0434782608696,0.25,0.0652173913043,0.054347826087,0.0434782608696,0.217391304348,0.0108695652174,0.0652173913043,0.0869565217391,0.20652173913,0.0978260869565,0.239130434783,0.054347826087,0.0760869565217,0.054347826087,0.0434782608696,0.217391304348,0.20652173913,0.0869565217391,0.054347826087,0.0326086956522,0.0760869565217,0.184782608696
BIN_10,0.0441176470588,0.0735294117647,0.0441176470588,0.25,0.0441176470588,0.0735294117647,0.323529411765,0.0735294117647,0.0735294117647,0.0588235294118,0.102941176471,0.0441176470588,0.220588235294,0.294117647059,0.102941176471,0.0735294117647,0.117647058824,0.102941176471,0.0588235294118,0.117647058824,0.0588235294118,0.0147058823529,0.0588235294118,0.323529411765,0.147058823529,0.0,0.308823529412,0.397058823529,0.0735294117647,0.455882352941,0.382352941176,0.279411764706,0.0294117647059,0.323529411765,0.382352941176,0.411764705882,0.102941176471,0.294117647059,0.367647058824,0.0441176470588,0.0882352941176,0.367647058824,0.0294117647059,0.0882352941176,0.0147058823529,0.367647058824,0.0294117647059,0.0735294117647,0.102941176471,0.294117647059,0.102941176471,0.352941176471,0.0735294117647,0.176470588235,0.0882352941176,0.0735294117647,0.323529411765,0.323529411765,0.102941176471,0.161764705882,0.0294117647059,0.0735294117647,0.323529411765
BIN_15,0.0733944954128,0.0733944954128,0.0917431192661,0.0275229357798,0.100917431193,0.146788990826,0.0917431192661,0.110091743119,0.100917431193,0.119266055046,0.165137614679,0.0825688073394,0.0275229357798,0.137614678899,0.165137614679,0.128440366972,0.155963302752,0.137614678899,0.110091743119,0.174311926606,0.0917431192661,0.0733944954128,0.100917431193,0.128440366972,0.110091743119,0.155963302752,0.0,0.256880733945,0.0917431192661,0.174311926606,0.110091743119,0.0825688073394,0.110091743119,0.119266055046,0.137614678899,0.238532110092,0.137614678899,0.192660550459,0.119266055046,0.0642201834862,0.137614678899,0.110091743119,0.0825688073394,0.119266055046,0.100917431193,0.238532110092,0.0183486238532,0.137614678899,0.137614678899,0.128440366972,0.137614678899,0.137614678899,0.137614678899,0.128440366972,0.110091743119,0.110091743119,0.155963302752,0.137614678899,0.165137614679,0.128440366972,0.0550458715596,0.137614678899,0.0550458715596
bin_29_2_acIII,0.0188679245283,0.00943396226415,0.0471698113208,0.122641509434,0.0754716981132,0.0849056603774,0.103773584906,0.0849056603774,0.0377358490566,0.0943396226415,0.0943396226415,0.0849056603774,0.0754716981132,0.0754716981132,0.103773584906,0.0660377358491,0.0566037735849,0.103773584906,0.0849056603774,0.0849056603774,0.0377358490566,0.0377358490566,0.0471698113208,0.00943396226415,0.0660377358491,0.0849056603774,0.150943396226,0.0,0.0754716981132,0.150943396226,0.141509433962,0.132075471698,0.0471698113208,0.141509433962,0.150943396226,0.103773584906,0.0943396226415,0.0754716981132,0.150943396226,0.0754716981132,0.0754716981132,0.160377358491,0.0566037735849,0.0754716981132,0.0849056603774,0.0660377358491,0.00943396226415,0.0377358490566,0.0754716981132,0.141509433962,0.0471698113208,0.11320754717,0.0566037735849,0.0471698113208,0.0849056603774,0.0283018867925,0.150943396226,0.141509433962,0.0377358490566,0.0660377358491,0.0188679245283,0.0660377358491,0.103773584906
bin_7_acI-B2,0.0925925925926,0.0648148148148,0.0740740740741,0.157407407407,0.111111111111,0.12037037037,0.268518518519,0.138888888889,0.12037037037,0.0925925925926,0.166666666667,0.0462962962963,0.157407407407,0.185185185185,0.148148148148,0.12037037037,0.138888888889,0.166666666667,0.12037037037,0.12962962963,0.0740740740741,0.0833333333333,0.0740740740741,0.222222222222,0.12037037037,0.111111111111,0.185185185185,0.296296296296,0.0,0.305555555556,0.287037037037,0.222222222222,0.111111111111,0.231481481481,0.287037037037,0.277777777778,0.166666666667,0.194444444444,0.277777777778,0.101851851852,0.148148148148,0.240740740741,0.0925925925926,0.12037037037,0.0740740740741,0.268518518519,0.0277777777778,0.12962962963,0.138888888889,0.222222222222,0.138888888889,0.296296296296,0.12037037037,0.138888888889,0.111111111111,0.101851851852,0.231481481481,0.240740740741,0.148148148148,0.12962962963,0.0462962962963,0.12037037037,0.203703703704
MEint10152,0.139784946237,0.0752688172043,0.139784946237,0.0645161290323,0.193548387097,0.204301075269,0.0967741935484,0.150537634409,0.193548387097,0.118279569892,0.236559139785,0.0860215053763,0.0645161290323,0.172043010753,0.193548387097,0.172043010753,0.225806451613,0.225806451613,0.139784946237,0.161290322581,0.172043010753,0.129032258065,0.182795698925,0.0860215053763,0.193548387097,0.225806451613,0.150537634409,0.268817204301,0.172043010753,0.0,0.150537634409,0.150537634409,0.118279569892,0.139784946237,0.172043010753,0.161290322581,0.215053763441,0.118279569892,0.161290322581,0.150537634409,0.0967741935484,0.139784946237,0.193548387097,0.204301075269,0.0860215053763,0.247311827957,0.010752688172,0.193548387097,0.215053763441,0.139784946237,0.204301075269,0.139784946237,0.182795698925,0.150537634409,0.139784946237,0.129032258065,0.182795698925,0.182795698925,0.204301075269,0.10752688172,0.0967741935484,0.182795698925,0.139784946237
MEint1091,0.054347826087,0.0217391304348,0.0869565217391,0.0217391304348,0.0869565217391,0.119565217391,0.0326086956522,0.0869565217391,0.0760869565217,0.0760869565217,0.108695652174,0.0434782608696,0.0217391304348,0.141304347826,0.0978260869565,0.0978260869565,0.119565217391,0.0869565217391,0.0869565217391,0.0869565217391,0.0760869565217,0.0217391304348,0.0978260869565,0.130434782609,0.0869565217391,0.0978260869565,0.0326086956522,0.20652173913,0.0978260869565,0.108695652174,0.0,0.0434782608696,0.054347826087,0.0434782608696,0.054347826087,0.152173913043,0.108695652174,0.163043478261,0.0326086956522,0.0760869565217,0.054347826087,0.0434782608696,0.0326086956522,0.0869565217391,0.0326086956522,0.20652173913,0.0217391304348,0.0978260869565,0.0978260869565,0.0869565217391,0.0978260869565,0.054347826087,0.0760869565217,0.0434782608696,0.0760869565217,0.054347826087,0.0869565217391,0.0652173913043,0.0869565217391,0.0434782608696,0.0652173913043,0.0978260869565,0.0434782608696
MEint11576,0.12,0.08,0.16,0.0666666666667,0.173333333333,0.226666666667,0.133333333333,0.2,0.16,0.16,0.226666666667,0.16,0.08,0.28,0.24,0.186666666667,0.24,0.226666666667,0.16,0.266666666667,0.106666666667,0.106666666667,0.186666666667,0.28,0.213333333333,0.226666666667,0.186666666667,0.386666666667,0.226666666667,0.333333333333,0.213333333333,0.0,0.2,0.186666666667,0.213333333333,0.36,0.226666666667,0.333333333333,0.213333333333,0.173333333333,0.213333333333,0.226666666667,0.146666666667,0.2,0.16,0.373333333333,0.0533333333333,0.226666666667,0.226666666667,0.173333333333,0.226666666667,0.2,0.2,0.186666666667,0.213333333333,0.173333333333,0.186666666667,0.173333333333,0.253333333333,0.226666666667,0.12,0.226666666667,0.133333333333
MEint1363,0.0735294117647,0.147058823529,0.132352941176,0.235294117647,0.117647058824,0.176470588235,0.294117647059,0.102941176471,0.132352941176,0.117647058824,0.235294117647,0.161764705882,0.264705882353,0.323529411765,0.220588235294,0.161764705882,0.235294117647,0.235294117647,0.117647058824,0.220588235294,0.147058823529,0.0441176470588,0.132352941176,0.323529411765,0.205882352941,0.191176470588,0.338235294118,0.470588235294,0.161764705882,0.455882352941,0.441176470588,0.352941176471,0.0,0.397058823529,0.470588235294,0.5,0.176470588235,0.367647058824,0.441176470588,0.117647058824,0.176470588235,0.426470588235,0.117647058824,0.176470588235,0.132352941176,0.455882352941,0.0294117647059,0.176470588235,0.191176470588,0.338235294118,0.205882352941,0.441176470588,0.191176470588,0.220588235294,0.161764705882,0.176470588235,0.426470588235,0.367647058824,0.220588235294,0.220588235294,0.0735294117647,0.147058823529,0.382352941176
MEint14260,0.0617283950617,0.0617283950617,0.0864197530864,0.037037037037,0.0864197530864,0.123456790123,0.0617283950617,0.0740740740741,0.0617283950617,0.0617283950617,0.135802469136,0.0493827160494,0.0246913580247,0.172839506173,0.123456790123,0.0740740740741,0.148148148148,0.123456790123,0.0864197530864,0.111111111111,0.0740740740741,0.0246913580247,0.0987654320988,0.148148148148,0.0987654320988,0.111111111111,0.0864197530864,0.271604938272,0.0987654320988,0.148148148148,0.0987654320988,0.0740740740741,0.0617283950617,0.0,0.111111111111,0.20987654321,0.123456790123,0.185185185185,0.0864197530864,0.0864197530864,0.0740740740741,0.111111111111,0.0740740740741,0.0740740740741,0.0740740740741,0.222222222222,0.0246913580247,0.0987654320988,0.0987654320988,0.0864197530864,0.0864197530864,0.0864197530864,0.0987654320988,0.0987654320988,0.0987654320988,0.0493827160494,0.0987654320988,0.0987654320988,0.123456790123,0.0864197530864,0.0864197530864,0.0864197530864,0.0740740740741
MEint1719,0.0485436893204,0.00970873786408,0.0679611650485,0.0,0.0679611650485,0.106796116505,0.00970873786408,0.0873786407767,0.0485436893204,0.0679611650485,0.116504854369,0.0291262135922,0.0291262135922,0.126213592233,0.0873786407767,0.0873786407767,0.0970873786408,0.0970873786408,0.0776699029126,0.0970873786408,0.0582524271845,0.0194174757282,0.0873786407767,0.106796116505,0.0776699029126,0.0873786407767,0.0388349514563,0.194174757282,0.0776699029126,0.126213592233,0.0291262135922,0.0291262135922,0.0582524271845,0.0194174757282,0.0,0.174757281553,0.0970873786408,0.165048543689,0.0194174757282,0.0679611650485,0.0679611650485,0.0582524271845,0.0388349514563,0.0776699029126,0.0388349514563,0.184466019417,0.0291262135922,0.0776699029126,0.0970873786408,0.0873786407767,0.0776699029126,0.0776699029126,0.0679611650485,0.0873786407767,0.0776699029126,0.0582524271845,0.0970873786408,0.0776699029126,0.0873786407767,0.0970873786408,0.0485436893204,0.0873786407767,0.0291262135922
MEint1953,0.0927835051546,0.0412371134021,0.103092783505,0.103092783505,0.134020618557,0.134020618557,0.185567010309,0.144329896907,0.134020618557,0.0927835051546,0.144329896907,0.0412371134021,0.123711340206,0.134020618557,0.144329896907,0.144329896907,0.164948453608,0.134020618557,0.123711340206,0.103092783505,0.103092783505,0.0824742268041,0.134020618557,0.0824742268041,0.134020618557,0.134020618557,0.164948453608,0.164948453608,0.113402061856,0.144329896907,0.164948453608,0.164948453608,0.113402061856,0.185567010309,0.20618556701,0.0,0.144329896907,0.0721649484536,0.175257731959,0.113402061856,0.0618556701031,0.164948453608,0.0927835051546,0.144329896907,0.0515463917526,0.154639175258,0.0103092783505,0.123711340206,0.144329896907,0.134020618557,0.134020618557,0.134020618557,0.123711340206,0.0824742268041,0.0824742268041,0.0721649484536,0.164948453608,0.164948453608,0.144329896907,0.0618556701031,0.0721649484536,0.134020618557,0.134020618557
MEint2297,0.0333333333333,0.0555555555556,0.0333333333333,0.155555555556,0.0444444444444,0.0666666666667,0.211111111111,0.0333333333333,0.0555555555556,0.0555555555556,0.0777777777778,0.0444444444444,0.155555555556,0.2,0.0666666666667,0.0444444444444,0.0777777777778,0.0666666666667,0.0333333333333,0.0888888888889,0.0333333333333,0.0,0.0333333333333,0.222222222222,0.0777777777778,0.0666666666667,0.211111111111,0.3,0.0555555555556,0.311111111111,0.255555555556,0.2,0.0111111111111,0.222222222222,0.266666666667,0.288888888889,0.0,0.244444444444,0.233333333333,0.0222222222222,0.0222222222222,0.244444444444,0.0333333333333,0.0444444444444,0.0444444444444,0.266666666667,0.0111111111111,0.0444444444444,0.0555555555556,0.211111111111,0.0666666666667,0.233333333333,0.0333333333333,0.111111111111,0.0333333333333,0.0444444444444,0.233333333333,0.222222222222,0.0777777777778,0.1,0.0111111111111,0.0333333333333,0.211111111111
MEint2538,0.127659574468,0.0425531914894,0.148936170213,0.148936170213,0.202127659574,0.18085106383,0.223404255319,0.170212765957,0.202127659574,0.106382978723,0.287234042553,0.0425531914894,0.202127659574,0.170212765957,0.244680851064,0.191489361702,0.287234042553,0.212765957447,0.159574468085,0.191489361702,0.13829787234,0.117021276596,0.148936170213,0.191489361702,0.265957446809,0.191489361702,0.287234042553,0.31914893617,0.18085106383,0.255319148936,0.31914893617,0.31914893617,0.170212765957,0.308510638298,0.329787234043,0.191489361702,0.276595744681,0.0,0.31914893617,0.127659574468,0.202127659574,0.308510638298,0.170212765957,0.234042553191,0.0851063829787,0.276595744681,0.0212765957447,0.223404255319,0.223404255319,0.244680851064,0.223404255319,0.265957446809,0.234042553191,0.212765957447,0.170212765957,0.148936170213,0.31914893617,0.31914893617,0.234042553191,0.212765957447,0.159574468085,0.202127659574,0.244680851064
MEint2729,0.0531914893617,0.0212765957447,0.063829787234,0.0106382978723,0.063829787234,0.0957446808511,0.0425531914894,0.0744680851064,0.063829787234,0.0531914893617,0.106382978723,0.0106382978723,0.0106382978723,0.13829787234,0.0851063829787,0.0957446808511,0.106382978723,0.0851063829787,0.063829787234,0.0957446808511,0.0531914893617,0.0106382978723,0.0744680851064,0.127659574468,0.0744680851064,0.0851063829787,0.0425531914894,0.202127659574,0.0744680851064,0.117021276596,0.031914893617,0.031914893617,0.063829787234,0.031914893617,0.0425531914894,0.159574468085,0.0851063829787,0.159574468085,0.0,0.0425531914894,0.0531914893617,0.0531914893617,0.031914893617,0.0744680851064,0.0212765957447,0.191489361702,0.0212765957447,0.063829787234,0.0851063829787,0.0744680851064,0.0851063829787,0.063829787234,0.0425531914894,0.063829787234,0.063829787234,0.0425531914894,0.0851063829787,0.0744680851064,0.0957446808511,0.063829787234,0.031914893617,0.063829787234,0.0531914893617
MEint283,0.262295081967,0.262295081967,0.0983606557377,0.393442622951,0.180327868852,0.295081967213,0.524590163934,0.16393442623,0.327868852459,0.131147540984,0.344262295082,0.196721311475,0.426229508197,0.44262295082,0.360655737705,0.311475409836,0.360655737705,0.344262295082,0.262295081967,0.360655737705,0.245901639344,0.131147540984,0.0983606557377,0.44262295082,0.344262295082,0.295081967213,0.491803278689,0.590163934426,0.27868852459,0.55737704918,0.639344262295,0.540983606557,0.262295081967,0.590163934426,0.639344262295,0.573770491803,0.327868852459,0.44262295082,0.606557377049,0.0,0.327868852459,0.606557377049,0.229508196721,0.344262295082,0.180327868852,0.573770491803,0.0655737704918,0.327868852459,0.360655737705,0.524590163934,0.327868852459,0.622950819672,0.344262295082,0.426229508197,0.27868852459,0.344262295082,0.606557377049,0.590163934426,0.377049180328,0.327868852459,0.180327868852,0.311475409836,0.491803278689
MEint3119,0.0978260869565,0.0326086956522,0.0652173913043,0.195652173913,0.108695652174,0.130434782609,0.25,0.0869565217391,0.119565217391,0.054347826087,0.130434782609,0.0108695652174,0.20652173913,0.228260869565,0.0978260869565,0.119565217391,0.119565217391,0.130434782609,0.0978260869565,0.0760869565217,0.0978260869565,0.0652173913043,0.0978260869565,0.163043478261,0.0978260869565,0.108695652174,0.260869565217,0.29347826087,0.119565217391,0.282608695652,0.271739130435,0.228260869565,0.0869565217391,0.25,0.29347826087,0.239130434783,0.0978260869565,0.195652173913,0.271739130435,0.0978260869565,0.0,0.260869565217,0.0978260869565,0.119565217391,0.0217391304348,0.282608695652,0.0108695652174,0.108695652174,0.130434782609,0.25,0.130434782609,0.239130434783,0.0978260869565,0.108695652174,0.0978260869565,0.054347826087,0.271739130435,0.271739130435,0.119565217391,0.0869565217391,0.0652173913043,0.119565217391,0.239130434783
MEint3163,0.0842105263158,0.0105263157895,0.0736842105263,0.0210526315789,0.0947368421053,0.105263157895,0.0631578947368,0.126315789474,0.0842105263158,0.0842105263158,0.136842105263,0.0315789473684,0.0105263157895,0.157894736842,0.126315789474,0.105263157895,0.115789473684,0.105263157895,0.105263157895,0.105263157895,0.0947368421053,0.0526315789474,0.105263157895,0.115789473684,0.115789473684,0.126315789474,0.0421052631579,0.210526315789,0.0736842105263,0.136842105263,0.0526315789474,0.0947368421053,0.0842105263158,0.0736842105263,0.0947368421053,0.157894736842,0.136842105263,0.157894736842,0.0631578947368,0.0947368421053,0.0842105263158,0.0,0.0631578947368,0.126315789474,0.0526315789474,0.221052631579,0.0210526315789,0.115789473684,0.126315789474,0.0947368421053,0.115789473684,0.0842105263158,0.115789473684,0.0736842105263,0.0842105263158,0.0736842105263,0.105263157895,0.0736842105263,0.136842105263,0.0631578947368,0.0631578947368,0.115789473684,0.0526315789474
MEint3864,0.1,0.0714285714286,0.0857142857143,0.214285714286,0.114285714286,0.157142857143,0.328571428571,0.142857142857,0.142857142857,0.1,0.185714285714,0.0714285714286,0.228571428571,0.285714285714,0.157142857143,0.157142857143,0.171428571429,0.185714285714,0.128571428571,0.185714285714,0.128571428571,0.0,0.128571428571,0.342857142857,0.171428571429,0.1,0.314285714286,0.428571428571,0.128571428571,0.485714285714,0.371428571429,0.3,0.0428571428571,0.357142857143,0.385714285714,0.428571428571,0.142857142857,0.342857142857,0.357142857143,0.1,0.128571428571,0.357142857143,0.0,0.157142857143,0.0571428571429,0.414285714286,0.0285714285714,0.142857142857,0.185714285714,0.328571428571,0.185714285714,0.371428571429,0.142857142857,0.214285714286,0.157142857143,0.157142857143,0.357142857143,0.314285714286,0.185714285714,0.214285714286,0.1,0.128571428571,0.314285714286
MEint4252,0.0,0.0568181818182,0.0340909090909,0.170454545455,0.0227272727273,0.0340909090909,0.215909090909,0.0113636363636,0.0227272727273,0.0340909090909,0.0568181818182,0.0340909090909,0.159090909091,0.170454545455,0.0681818181818,0.0113636363636,0.0795454545455,0.0568181818182,0.0113636363636,0.0568181818182,0.0227272727273,0.0,0.0227272727273,0.204545454545,0.0568181818182,0.0454545454545,0.181818181818,0.261363636364,0.0227272727273,0.284090909091,0.227272727273,0.181818181818,0.0,0.181818181818,0.238636363636,0.261363636364,0.0340909090909,0.204545454545,0.215909090909,0.0113636363636,0.0227272727273,0.227272727273,0.0340909090909,0.0,0.0568181818182,0.238636363636,0.0113636363636,0.0113636363636,0.0227272727273,0.181818181818,0.0454545454545,0.227272727273,0.0454545454545,0.0795454545455,0.0340909090909,0.0113636363636,0.204545454545,0.204545454545,0.0454545454545,0.0795454545455,0.0113636363636,0.0,0.204545454545
MEint885,0.1875,0.0875,0.175,0.2125,0.2375,0.2625,0.3875,0.225,0.2625,0.1875,0.3,0.0875,0.25,0.35,0.2375,0.2625,0.3,0.3,0.2,0.275,0.15,0.125,0.175,0.325,0.2625,0.225,0.4,0.525,0.2125,0.4625,0.475,0.3875,0.1875,0.4375,0.4875,0.4625,0.2625,0.3125,0.4625,0.1625,0.2125,0.45,0.1875,0.3,0.0,0.5,0.025,0.2875,0.3,0.3625,0.275,0.4625,0.225,0.325,0.2125,0.2375,0.4125,0.4,0.3,0.2625,0.075,0.2625,0.3625
Rhodoluna,0.0,0.025974025974,0.038961038961,0.103896103896,0.025974025974,0.025974025974,0.142857142857,0.025974025974,0.025974025974,0.038961038961,0.0649350649351,0.038961038961,0.0909090909091,0.0,0.0519480519481,0.0,0.0649350649351,0.0519480519481,0.025974025974,0.0519480519481,0.025974025974,0.012987012987,0.025974025974,0.012987012987,0.0,0.038961038961,0.116883116883,0.0519480519481,0.025974025974,0.12987012987,0.155844155844,0.116883116883,0.012987012987,0.12987012987,0.155844155844,0.0779220779221,0.038961038961,0.025974025974,0.142857142857,0.012987012987,0.012987012987,0.155844155844,0.038961038961,0.012987012987,0.038961038961,0.0,0.012987012987,0.012987012987,0.025974025974,0.103896103896,0.025974025974,0.142857142857,0.012987012987,0.0519480519481,0.025974025974,0.012987012987,0.116883116883,0.116883116883,0.012987012987,0.038961038961,0.012987012987,0.012987012987,0.12987012987
TBepi149,0.665338645418,0.535856573705,0.611553784861,0.617529880478,0.776892430279,0.816733067729,0.693227091633,0.683266932271,0.790836653386,0.727091633466,0.822709163347,0.667330677291,0.505976095618,0.788844621514,0.739043824701,0.782868525896,0.822709163347,0.812749003984,0.776892430279,0.788844621514,0.53984063745,0.490039840637,0.685258964143,0.675298804781,0.737051792829,0.812749003984,0.816733067729,0.876494023904,0.743027888446,0.810756972112,0.820717131474,0.798804780876,0.782868525896,0.808764940239,0.836653386454,0.820717131474,0.800796812749,0.675298804781,0.810756972112,0.629482071713,0.756972111554,0.818725099602,0.731075697211,0.812749003984,0.731075697211,0.864541832669,0.0,0.733067729084,0.758964143426,0.830677290837,0.782868525896,0.802788844622,0.770916334661,0.758964143426,0.754980079681,0.697211155378,0.858565737052,0.872509960159,0.774900398406,0.731075697211,0.501992031873,0.752988047809,0.687250996016
TBepi2057,0.0103092783505,0.0618556701031,0.0618556701031,0.185567010309,0.0412371134021,0.0618556701031,0.216494845361,0.0515463917526,0.0515463917526,0.0618556701031,0.0927835051546,0.0515463917526,0.144329896907,0.19587628866,0.0927835051546,0.0412371134021,0.103092783505,0.0824742268041,0.0412371134021,0.123711340206,0.0309278350515,0.0103092783505,0.0515463917526,0.19587628866,0.0927835051546,0.0824742268041,0.216494845361,0.268041237113,0.0721649484536,0.309278350515,0.257731958763,0.216494845361,0.0309278350515,0.216494845361,0.257731958763,0.288659793814,0.0721649484536,0.237113402062,0.237113402062,0.0412371134021,0.0618556701031,0.257731958763,0.0721649484536,0.0515463917526,0.0927835051546,0.257731958763,0.0103092783505,0.0,0.0824742268041,0.19587628866,0.0721649484536,0.257731958763,0.0618556701031,0.123711340206,0.0721649484536,0.0412371134021,0.237113402062,0.226804123711,0.0515463917526,0.113402061856,0.0309278350515,0.0618556701031,0.19587628866
TBepi2754,0.010752688172,0.0322580645161,0.0215053763441,0.172043010753,0.0430107526882,0.0430107526882,0.204301075269,0.0215053763441,0.0322580645161,0.0322580645161,0.0537634408602,0.0215053763441,0.150537634409,0.182795698925,0.0430107526882,0.0215053763441,0.0645161290323,0.0430107526882,0.0215053763441,0.0537634408602,0.0,0.0,0.010752688172,0.225806451613,0.0645161290323,0.0430107526882,0.182795698925,0.258064516129,0.0215053763441,0.268817204301,0.215053763441,0.182795698925,0.0322580645161,0.172043010753,0.225806451613,0.258064516129,0.0537634408602,0.161290322581,0.204301075269,0.0322580645161,0.0430107526882,0.215053763441,0.0430107526882,0.0322580645161,0.0430107526882,0.225806451613,0.010752688172,0.0215053763441,0.0,0.193548387097,0.0322580645161,0.225806451613,0.0430107526882,0.0967741935484,0.0322580645161,0.010752688172,0.193548387097,0.215053763441,0.0430107526882,0.0860215053763,0.010752688172,0.0,0.193548387097
TBepi2973,0.0705882352941,0.129411764706,0.141176470588,0.0588235294118,0.117647058824,0.141176470588,0.164705882353,0.152941176471,0.152941176471,0.141176470588,0.211764705882,0.129411764706,0.0941176470588,0.235294117647,0.211764705882,0.141176470588,0.2,0.188235294118,0.117647058824,0.223529411765,0.105882352941,0.0823529411765,0.141176470588,0.164705882353,0.152941176471,0.188235294118,0.141176470588,0.317647058824,0.152941176471,0.211764705882,0.188235294118,0.105882352941,0.117647058824,0.188235294118,0.2,0.247058823529,0.188235294118,0.211764705882,0.188235294118,0.117647058824,0.152941176471,0.176470588235,0.164705882353,0.164705882353,0.105882352941,0.305882352941,0.0235294117647,0.152941176471,0.176470588235,0.0,0.164705882353,0.188235294118,0.164705882353,0.188235294118,0.129411764706,0.141176470588,0.105882352941,0.105882352941,0.188235294118,0.176470588235,0.0117647058824,0.152941176471,0.0823529411765
TBepi3207,0.029702970297,0.049504950495,0.039603960396,0.158415841584,0.039603960396,0.029702970297,0.19801980198,0.039603960396,0.029702970297,0.0594059405941,0.0792079207921,0.029702970297,0.138613861386,0.188118811881,0.0792079207921,0.019801980198,0.0891089108911,0.0792079207921,0.029702970297,0.0891089108911,0.029702970297,0.00990099009901,0.039603960396,0.207920792079,0.0891089108911,0.0594059405941,0.188118811881,0.257425742574,0.039603960396,0.267326732673,0.227722772277,0.188118811881,0.029702970297,0.178217821782,0.217821782178,0.257425742574,0.0693069306931,0.207920792079,0.217821782178,0.029702970297,0.0594059405941,0.217821782178,0.0693069306931,0.039603960396,0.0594059405941,0.227722772277,0.019801980198,0.049504950495,0.049504950495,0.19801980198,0.0,0.227722772277,0.0594059405941,0.0990099009901,0.049504950495,0.019801980198,0.227722772277,0.217821782178,0.0594059405941,0.0792079207921,0.019801980198,0.039603960396,0.178217821782
TBepi3256,0.0842105263158,0.0315789473684,0.115789473684,0.0842105263158,0.147368421053,0.178947368421,0.115789473684,0.147368421053,0.147368421053,0.115789473684,0.189473684211,0.0947368421053,0.0526315789474,0.221052631579,0.168421052632,0.147368421053,0.168421052632,0.168421052632,0.136842105263,0.157894736842,0.0842105263158,0.0842105263158,0.115789473684,0.178947368421,0.147368421053,0.168421052632,0.126315789474,0.263157894737,0.189473684211,0.178947368421,0.136842105263,0.115789473684,0.168421052632,0.136842105263,0.147368421053,0.221052631579,0.168421052632,0.210526315789,0.126315789474,0.126315789474,0.115789473684,0.147368421053,0.126315789474,0.157894736842,0.0947368421053,0.263157894737,0.0210526315789,0.178947368421,0.178947368421,0.157894736842,0.157894736842,0.0,0.157894736842,0.105263157895,0.136842105263,0.0947368421053,0.168421052632,0.157894736842,0.168421052632,0.115789473684,0.0842105263158,0.157894736842,0.0842105263158
TBepi3475,0.131313131313,0.0707070707071,0.0909090909091,0.181818181818,0.10101010101,0.151515151515,0.262626262626,0.111111111111,0.141414141414,0.141414141414,0.171717171717,0.0707070707071,0.161616161616,0.232323232323,0.121212121212,0.121212121212,0.151515151515,0.151515151515,0.121212121212,0.161616161616,0.0808080808081,0.040404040404,0.10101010101,0.262626262626,0.131313131313,0.121212121212,0.292929292929,0.323232323232,0.10101010101,0.363636363636,0.323232323232,0.262626262626,0.10101010101,0.282828282828,0.323232323232,0.333333333333,0.141414141414,0.252525252525,0.292929292929,0.121212121212,0.121212121212,0.313131313131,0.10101010101,0.141414141414,0.0707070707071,0.313131313131,0.040404040404,0.131313131313,0.141414141414,0.272727272727,0.151515151515,0.30303030303,0.0,0.161616161616,0.111111111111,0.121212121212,0.272727272727,0.282828282828,0.161616161616,0.161616161616,0.040404040404,0.121212121212,0.272727272727
TBepi4163,0.0851063829787,0.031914893617,0.127659574468,0.0851063829787,0.18085106383,0.191489361702,0.106382978723,0.159574468085,0.148936170213,0.13829787234,0.234042553191,0.106382978723,0.127659574468,0.234042553191,0.234042553191,0.223404255319,0.202127659574,0.191489361702,0.170212765957,0.223404255319,0.117021276596,0.106382978723,0.13829787234,0.234042553191,0.212765957447,0.18085106383,0.18085106383,0.297872340426,0.212765957447,0.265957446809,0.212765957447,0.170212765957,0.159574468085,0.202127659574,0.223404255319,0.265957446809,0.244680851064,0.234042553191,0.202127659574,0.170212765957,0.18085106383,0.234042553191,0.13829787234,0.234042553191,0.13829787234,0.329787234043,0.0212765957447,0.223404255319,0.244680851064,0.234042553191,0.234042553191,0.127659574468,0.212765957447,0.0,0.234042553191,0.106382978723,0.234042553191,0.212765957447,0.255319148936,0.170212765957,0.117021276596,0.234042553191,0.18085106383
TBepi4208,0.0804597701149,0.0574712643678,0.0919540229885,0.183908045977,0.126436781609,0.126436781609,0.287356321839,0.126436781609,0.149425287356,0.0919540229885,0.183908045977,0.0574712643678,0.183908045977,0.206896551724,0.16091954023,0.103448275862,0.183908045977,0.149425287356,0.0919540229885,0.149425287356,0.114942528736,0.0459770114943,0.114942528736,0.229885057471,0.149425287356,0.126436781609,0.252873563218,0.333333333333,0.0919540229885,0.287356321839,0.333333333333,0.275862068966,0.0804597701149,0.298850574713,0.344827586207,0.275862068966,0.126436781609,0.195402298851,0.32183908046,0.0689655172414,0.114942528736,0.298850574713,0.114942528736,0.126436781609,0.0574712643678,0.287356321839,0.0114942528736,0.126436781609,0.149425287356,0.252873563218,0.137931034483,0.287356321839,0.0919540229885,0.195402298851,0.0,0.103448275862,0.298850574713,0.287356321839,0.149425287356,0.172413793103,0.0114942528736,0.103448275862,0.252873563218
TBhypo2152,0.0842105263158,0.0315789473684,0.0947368421053,0.252631578947,0.168421052632,0.168421052632,0.231578947368,0.157894736842,0.0947368421053,0.115789473684,0.231578947368,0.0842105263158,0.231578947368,0.294736842105,0.231578947368,0.178947368421,0.178947368421,0.178947368421,0.157894736842,0.178947368421,0.0842105263158,0.0947368421053,0.0947368421053,0.221052631579,0.231578947368,0.168421052632,0.357894736842,0.315789473684,0.189473684211,0.389473684211,0.357894736842,0.347368421053,0.126315789474,0.315789473684,0.389473684211,0.294736842105,0.242105263158,0.242105263158,0.347368421053,0.168421052632,0.157894736842,0.378947368421,0.147368421053,0.210526315789,0.105263157895,0.368421052632,0.0105263157895,0.168421052632,0.210526315789,0.347368421053,0.168421052632,0.252631578947,0.168421052632,0.126315789474,0.210526315789,0.0,0.368421052632,0.389473684211,0.189473684211,0.178947368421,0.105263157895,0.2,0.294736842105
TBhypo3180,0.0609756097561,0.0731707317073,0.0975609756098,0.0609756097561,0.0975609756098,0.121951219512,0.134146341463,0.121951219512,0.109756097561,0.134146341463,0.134146341463,0.0731707317073,0.0609756097561,0.182926829268,0.134146341463,0.109756097561,0.146341463415,0.134146341463,0.0853658536585,0.158536585366,0.0487804878049,0.0365853658537,0.0975609756098,0.146341463415,0.0975609756098,0.121951219512,0.109756097561,0.268292682927,0.121951219512,0.19512195122,0.134146341463,0.0609756097561,0.0975609756098,0.109756097561,0.146341463415,0.219512195122,0.134146341463,0.182926829268,0.134146341463,0.109756097561,0.0975609756098,0.146341463415,0.0975609756098,0.134146341463,0.0609756097561,0.243902439024,0.0121951219512,0.121951219512,0.121951219512,0.0243902439024,0.134146341463,0.121951219512,0.0975609756098,0.134146341463,0.0853658536585,0.0975609756098,0.0,0.0365853658537,0.134146341463,0.146341463415,0.0,0.109756097561,0.0487804878049
TBhypo3219,0.115942028986,0.0869565217391,0.159420289855,0.0434782608696,0.130434782609,0.188405797101,0.101449275362,0.159420289855,0.144927536232,0.159420289855,0.188405797101,0.115942028986,0.0724637681159,0.130434782609,0.188405797101,0.115942028986,0.188405797101,0.159420289855,0.144927536232,0.202898550725,0.115942028986,0.0434782608696,0.130434782609,0.101449275362,0.173913043478,0.188405797101,0.159420289855,0.246376811594,0.173913043478,0.202898550725,0.188405797101,0.144927536232,0.0869565217391,0.173913043478,0.231884057971,0.231884057971,0.144927536232,0.144927536232,0.188405797101,0.130434782609,0.144927536232,0.217391304348,0.101449275362,0.173913043478,0.115942028986,0.217391304348,0.0289855072464,0.159420289855,0.173913043478,0.0869565217391,0.188405797101,0.202898550725,0.159420289855,0.202898550725,0.159420289855,0.159420289855,0.115942028986,0.0,0.202898550725,0.217391304348,0.101449275362,0.159420289855,0.101449275362
TBhypo3463,0.0,0.031914893617,0.0531914893617,0.159574468085,0.0531914893617,0.0531914893617,0.212765957447,0.0425531914894,0.0531914893617,0.0425531914894,0.0744680851064,0.0212765957447,0.13829787234,0.148936170213,0.0531914893617,0.0212765957447,0.0744680851064,0.0744680851064,0.031914893617,0.063829787234,0.0212765957447,0.0106382978723,0.0531914893617,0.148936170213,0.0531914893617,0.0425531914894,0.18085106383,0.223404255319,0.031914893617,0.244680851064,0.212765957447,0.18085106383,0.0212765957447,0.191489361702,0.212765957447,0.212765957447,0.063829787234,0.18085106383,0.212765957447,0.0425531914894,0.0425531914894,0.202127659574,0.0531914893617,0.031914893617,0.0425531914894,0.191489361702,0.0106382978723,0.0106382978723,0.0531914893617,0.170212765957,0.0425531914894,0.212765957447,0.0425531914894,0.0744680851064,0.031914893617,0.0212765957447,0.191489361702,0.191489361702,0.0,0.063829787234,0.0106382978723,0.031914893617,0.18085106383
TBhypo3765,0.11320754717,0.0471698113208,0.11320754717,0.169811320755,0.141509433962,0.141509433962,0.207547169811,0.132075471698,0.150943396226,0.122641509434,0.150943396226,0.0471698113208,0.150943396226,0.245283018868,0.132075471698,0.132075471698,0.160377358491,0.150943396226,0.122641509434,0.132075471698,0.103773584906,0.0943396226415,0.122641509434,0.207547169811,0.103773584906,0.141509433962,0.216981132075,0.292452830189,0.122641509434,0.254716981132,0.264150943396,0.235849056604,0.122641509434,0.254716981132,0.27358490566,0.235849056604,0.150943396226,0.235849056604,0.254716981132,0.103773584906,0.0849056603774,0.264150943396,0.103773584906,0.141509433962,0.0471698113208,0.283018867925,0.0188679245283,0.141509433962,0.160377358491,0.22641509434,0.122641509434,0.207547169811,0.122641509434,0.0754716981132,0.122641509434,0.0943396226415,0.264150943396,0.264150943396,0.141509433962,0.0,0.0377358490566,0.150943396226,0.207547169811
TBhypo3838,0.107142857143,0.309523809524,0.107142857143,0.261904761905,0.178571428571,0.214285714286,0.333333333333,0.214285714286,0.166666666667,0.214285714286,0.47619047619,0.357142857143,0.202380952381,0.511904761905,0.452380952381,0.392857142857,0.392857142857,0.452380952381,0.178571428571,0.47619047619,0.0952380952381,0.0952380952381,0.142857142857,0.452380952381,0.404761904762,0.22619047619,0.547619047619,0.571428571429,0.404761904762,0.654761904762,0.607142857143,0.345238095238,0.154761904762,0.595238095238,0.630952380952,0.595238095238,0.404761904762,0.571428571429,0.607142857143,0.178571428571,0.392857142857,0.583333333333,0.142857142857,0.416666666667,0.166666666667,0.595238095238,0.202380952381,0.369047619048,0.452380952381,0.5,0.392857142857,0.559523809524,0.357142857143,0.404761904762,0.392857142857,0.333333333333,0.52380952381,0.52380952381,0.392857142857,0.416666666667,0.0,0.214285714286,0.47619047619
TBhypo680,0.0215053763441,0.279569892473,0.0752688172043,0.182795698925,0.0645161290323,0.0860215053763,0.258064516129,0.0537634408602,0.0752688172043,0.0645161290323,0.322580645161,0.236559139785,0.161290322581,0.408602150538,0.311827956989,0.258064516129,0.333333333333,0.301075268817,0.0537634408602,0.311827956989,0.0322580645161,0.0,0.0430107526882,0.440860215054,0.301075268817,0.10752688172,0.397849462366,0.505376344086,0.247311827957,0.494623655914,0.451612903226,0.225806451613,0.0537634408602,0.408602150538,0.462365591398,0.505376344086,0.279569892473,0.408602150538,0.41935483871,0.0537634408602,0.268817204301,0.451612903226,0.0860215053763,0.247311827957,0.0860215053763,0.47311827957,0.182795698925,0.236559139785,0.236559139785,0.397849462366,0.279569892473,0.462365591398,0.268817204301,0.344086021505,0.247311827957,0.225806451613,0.430107526882,0.430107526882,0.290322580645,0.333333333333,0.010752688172,0.0,0.408602150538
TBhypo9906,0.133333333333,0.155555555556,0.155555555556,0.0777777777778,0.188888888889,0.233333333333,0.188888888889,0.233333333333,0.166666666667,0.155555555556,0.255555555556,0.111111111111,0.0555555555556,0.277777777778,0.266666666667,0.222222222222,0.233333333333,0.233333333333,0.177777777778,0.255555555556,0.111111111111,0.111111111111,0.133333333333,0.2,0.177777777778,0.244444444444,0.144444444444,0.344444444444,0.188888888889,0.277777777778,0.222222222222,0.122222222222,0.2,0.2,0.211111111111,0.333333333333,0.233333333333,0.288888888889,0.2,0.133333333333,0.211111111111,0.211111111111,0.166666666667,0.233333333333,0.155555555556,0.366666666667,0.0333333333333,0.233333333333,0.255555555556,0.211111111111,0.233333333333,0.211111111111,0.244444444444,0.222222222222,0.211111111111,0.188888888889,0.244444444444,0.188888888889,0.266666666667,0.211111111111,0.1,0.233333333333,0.0
