,AAA023D18,AAA023J06,AAA024D14,AAA027D23,AAA027E14,AAA027F04,AAA027J17,AAA027L06,AAA027L17,AAA027M14,AAA028A23,AAA028C09,AAA028E20,AAA028G02,AAA028I14,AAA028N15,AAA028P02,AAA041L13,AAA044D11,AAA044N04,AAA044O16,AAA278I18,AAA278O22,AB141P03,MEintmetabat10152,MEintmetabat1091,MEintmetabat11576,MEintmetabat1363,MEintmetabat14260,MEintmetabat1719,MEintmetabat1953,MEintmetabat2297,MEintmetabat2538,MEintmetabat2729,MEintmetabat283,MEintmetabat3119,MEintmetabat3163,MEintmetabat3864,MEintmetabat4252,MEintmetabat6647,MEintmetabat885,TBepimetabat149,TBepimetabat2057,TBepimetabat2754,TBepimetabat2973,TBepimetabat3207,TBepimetabat3256,TBepimetabat3475,TBepimetabat4163,TBepimetabat4208,TBhypometabat2152,TBhypometabat3180,TBhypometabat3219,TBhypometabat3463,TBhypometabat3765,TBhypometabat3815,TBhypometabat3838,TBhypometabat680,TBhypometabat9906
AAA023D18,0.0,0.16129032258064516,0.17204301075268819,0.26881720430107525,0.3655913978494624,0.053763440860215055,0.1827956989247312,0.20430107526881722,0.41935483870967744,0.13978494623655913,0.10752688172043011,0.010752688172043012,0.1935483870967742,0.3870967741935484,0.21505376344086022,0.3333333333333333,0.3978494623655914,0.34408602150537637,0.3225806451612903,0.3655913978494624,0.3225806451612903,0.17204301075268819,0.3548387096774194,0.043010752688172046,0.5161290322580645,0.4731182795698925,0.26881720430107525,0.20430107526881722,0.41935483870967744,0.4731182795698925,0.3870967741935484,0.3548387096774194,0.44086021505376344,0.40860215053763443,0.1935483870967742,0.3225806451612903,0.5161290322580645,0.16129032258064516,0.3010752688172043,0.15053763440860216,0.22580645161290322,0.16129032258064516,0.26881720430107525,0.3118279569892473,0.41935483870967744,0.3118279569892473,0.4731182795698925,0.27956989247311825,0.16129032258064516,0.3333333333333333,0.1935483870967742,0.46236559139784944,0.46236559139784944,0.3118279569892473,0.3333333333333333,0.5376344086021505,0.1827956989247312,0.3225806451612903,0.25806451612903225
AAA023J06,0.16551724137931034,0.0,0.15172413793103448,0.23448275862068965,0.2620689655172414,0.0896551724137931,0.2,0.22758620689655173,0.32413793103448274,0.19310344827586207,0.20689655172413793,0.013793103448275862,0.2,0.296551724137931,0.1724137931034483,0.20689655172413793,0.3310344827586207,0.296551724137931,0.27586206896551724,0.2827586206896552,0.296551724137931,0.2,0.2896551724137931,0.1310344827586207,0.38620689655172413,0.4,0.2689655172413793,0.20689655172413793,0.36551724137931035,0.38620689655172413,0.32413793103448274,0.296551724137931,0.3448275862068966,0.33793103448275863,0.1793103448275862,0.27586206896551724,0.41379310344827586,0.21379310344827587,0.2827586206896552,0.1724137931034483,0.1793103448275862,0.1724137931034483,0.2689655172413793,0.30344827586206896,0.3724137931034483,0.296551724137931,0.35172413793103446,0.2827586206896552,0.2,0.2689655172413793,0.1793103448275862,0.4,0.3586206896551724,0.2827586206896552,0.296551724137931,0.41379310344827586,0.19310344827586207,0.2896551724137931,0.21379310344827587
AAA024D14,0.11214953271028037,0.04672897196261682,0.0,0.21495327102803738,0.2336448598130841,0.037383177570093455,0.1588785046728972,0.14953271028037382,0.32710280373831774,0.12149532710280374,0.11214953271028037,0.018691588785046728,0.14018691588785046,0.2616822429906542,0.08411214953271028,0.18691588785046728,0.2897196261682243,0.2523364485981308,0.22429906542056074,0.24299065420560748,0.24299065420560748,0.11214953271028037,0.2336448598130841,0.08411214953271028,0.3644859813084112,0.42990654205607476,0.22429906542056074,0.14953271028037382,0.37383177570093457,0.37383177570093457,0.29906542056074764,0.24299065420560748,0.29906542056074764,0.32710280373831774,0.07476635514018691,0.2523364485981308,0.40186915887850466,0.12149532710280374,0.205607476635514,0.09345794392523364,0.07476635514018691,0.08411214953271028,0.21495327102803738,0.2336448598130841,0.35514018691588783,0.27102803738317754,0.3925233644859813,0.205607476635514,0.16822429906542055,0.21495327102803738,0.11214953271028037,0.40186915887850466,0.34579439252336447,0.27102803738317754,0.24299065420560748,0.42990654205607476,0.14953271028037382,0.24299065420560748,0.18691588785046728
AAA027D23,0.08139534883720931,0.19767441860465115,0.13953488372093023,0.0,0.03488372093023256,0.1511627906976744,0.09302325581395349,0.1511627906976744,0.12790697674418605,0.08139534883720931,0.12790697674418605,0.011627906976744186,0.11627906976744186,0.26744186046511625,0.22093023255813954,0.11627906976744186,0.2441860465116279,0.32558139534883723,0.2558139534883721,0.32558139534883723,0.2558139534883721,0.1511627906976744,0.3023255813953488,0.11627906976744186,0.3023255813953488,0.29069767441860467,0.08139534883720931,0.12790697674418605,0.20930232558139536,0.32558139534883723,0.13953488372093023,0.3023255813953488,0.22093023255813954,0.3372093023255814,0.10465116279069768,0.2558139534883721,0.3372093023255814,0.13953488372093023,0.3023255813953488,0.23255813953488372,0.09302325581395349,0.22093023255813954,0.2441860465116279,0.27906976744186046,0.22093023255813954,0.27906976744186046,0.29069767441860467,0.27906976744186046,0.23255813953488372,0.23255813953488372,0.26744186046511625,0.23255813953488372,0.29069767441860467,0.313953488372093,0.27906976744186046,0.313953488372093,0.05813953488372093,0.10465116279069768,0.20930232558139536
AAA027E14,0.12790697674418605,0.12790697674418605,0.16279069767441862,0.12790697674418605,0.0,0.09302325581395349,0.18604651162790697,0.18604651162790697,0.1744186046511628,0.1744186046511628,0.12790697674418605,0.03488372093023256,0.18604651162790697,0.23255813953488372,0.11627906976744186,0.20930232558139536,0.313953488372093,0.23255813953488372,0.19767441860465115,0.23255813953488372,0.22093023255813954,0.18604651162790697,0.23255813953488372,0.11627906976744186,0.27906976744186046,0.2441860465116279,0.13953488372093023,0.12790697674418605,0.22093023255813954,0.2441860465116279,0.3372093023255814,0.23255813953488372,0.27906976744186046,0.2558139534883721,0.1744186046511628,0.1744186046511628,0.27906976744186046,0.12790697674418605,0.20930232558139536,0.16279069767441862,0.18604651162790697,0.12790697674418605,0.1744186046511628,0.20930232558139536,0.18604651162790697,0.20930232558139536,0.23255813953488372,0.1744186046511628,0.18604651162790697,0.22093023255813954,0.1511627906976744,0.19767441860465115,0.19767441860465115,0.19767441860465115,0.2558139534883721,0.3372093023255814,0.12790697674418605,0.19767441860465115,0.11627906976744186
AAA027F04,0.14,0.12,0.2,0.3,0.1,0.0,0.26,0.26,0.14,0.22,0.22,0.06,0.26,0.3,0.16,0.24,0.26,0.22,0.28,0.32,0.26,0.22,0.28,0.14,0.32,0.3,0.2,0.24,0.22,0.28,0.32,0.3,0.3,0.26,0.2,0.24,0.28,0.24,0.26,0.2,0.2,0.24,0.24,0.28,0.32,0.26,0.24,0.24,0.22,0.24,0.2,0.3,0.28,0.24,0.26,0.36,0.18,0.28,0.2
AAA027J17,0.06796116504854369,0.0970873786407767,0.1650485436893204,0.18446601941747573,0.2815533980582524,0.05825242718446602,0.0,0.13592233009708737,0.3592233009708738,0.06796116504854369,0.11650485436893204,0.0,0.0970873786407767,0.23300970873786409,0.10679611650485436,0.22330097087378642,0.24271844660194175,0.2912621359223301,0.1650485436893204,0.2815533980582524,0.20388349514563106,0.11650485436893204,0.2524271844660194,0.14563106796116504,0.4077669902912621,0.39805825242718446,0.23300970873786409,0.13592233009708737,0.34951456310679613,0.4368932038834951,0.2621359223300971,0.23300970873786409,0.2621359223300971,0.34951456310679613,0.11650485436893204,0.20388349514563106,0.4563106796116505,0.1941747572815534,0.21359223300970873,0.10679611650485436,0.1262135922330097,0.05825242718446602,0.17475728155339806,0.22330097087378642,0.3106796116504854,0.2524271844660194,0.3786407766990291,0.18446601941747573,0.1553398058252427,0.17475728155339806,0.0970873786407767,0.34951456310679613,0.3592233009708738,0.24271844660194175,0.30097087378640774,0.4077669902912621,0.14563106796116504,0.18446601941747573,0.1553398058252427
AAA027L06,0.030303030303030304,0.09090909090909091,0.0707070707070707,0.1717171717171717,0.26262626262626265,0.020202020202020204,0.06060606060606061,0.0,0.37373737373737376,0.06060606060606061,0.04040404040404041,0.0,0.09090909090909091,0.21212121212121213,0.050505050505050504,0.1717171717171717,0.24242424242424243,0.24242424242424243,0.16161616161616163,0.2222222222222222,0.1717171717171717,0.04040404040404041,0.21212121212121213,0.050505050505050504,0.35353535353535354,0.3838383838383838,0.2222222222222222,0.0707070707070707,0.3333333333333333,0.36363636363636365,0.2222222222222222,0.18181818181818182,0.26262626262626265,0.30303030303030304,0.020202020202020204,0.1717171717171717,0.37373737373737376,0.10101010101010101,0.16161616161616163,0.0707070707070707,0.08080808080808081,0.04040404040404041,0.15151515151515152,0.16161616161616163,0.2828282828282828,0.20202020202020202,0.35353535353535354,0.15151515151515152,0.13131313131313133,0.13131313131313133,0.050505050505050504,0.32323232323232326,0.29292929292929293,0.20202020202020202,0.2222222222222222,0.36363636363636365,0.10101010101010101,0.15151515151515152,0.1414141414141414
AAA027L17,0.06666666666666667,0.06666666666666667,0.11428571428571428,0.13333333333333333,0.05714285714285714,0.01904761904761905,0.12380952380952381,0.14285714285714285,0.0,0.10476190476190476,0.09523809523809523,0.01904761904761905,0.12380952380952381,0.1619047619047619,0.10476190476190476,0.09523809523809523,0.17142857142857143,0.14285714285714285,0.12380952380952381,0.1523809523809524,0.14285714285714285,0.11428571428571428,0.12380952380952381,0.09523809523809523,0.19047619047619047,0.12380952380952381,0.0761904761904762,0.09523809523809523,0.08571428571428572,0.13333333333333333,0.20952380952380953,0.14285714285714285,0.19047619047619047,0.13333333333333333,0.11428571428571428,0.13333333333333333,0.1523809523809524,0.10476190476190476,0.12380952380952381,0.14285714285714285,0.10476190476190476,0.09523809523809523,0.13333333333333333,0.1523809523809524,0.13333333333333333,0.12380952380952381,0.12380952380952381,0.12380952380952381,0.11428571428571428,0.11428571428571428,0.11428571428571428,0.1523809523809524,0.14285714285714285,0.13333333333333333,0.14285714285714285,0.2761904761904762,0.09523809523809523,0.14285714285714285,0.12380952380952381
AAA027M14,0.12903225806451613,0.24193548387096775,0.20967741935483872,0.20967741935483872,0.14516129032258066,0.04838709677419355,0.25806451612903225,0.2903225806451613,0.2903225806451613,0.0,0.1935483870967742,0.016129032258064516,0.25806451612903225,0.3548387096774194,0.25806451612903225,0.22580645161290322,0.3225806451612903,0.3225806451612903,0.24193548387096775,0.4032258064516129,0.27419354838709675,0.1935483870967742,0.25806451612903225,0.14516129032258066,0.3709677419354839,0.3548387096774194,0.24193548387096775,0.24193548387096775,0.20967741935483872,0.3548387096774194,0.45161290322580644,0.27419354838709675,0.3548387096774194,0.3870967741935484,0.16129032258064516,0.20967741935483872,0.3709677419354839,0.22580645161290322,0.1935483870967742,0.20967741935483872,0.25806451612903225,0.25806451612903225,0.1935483870967742,0.22580645161290322,0.27419354838709675,0.2903225806451613,0.3548387096774194,0.20967741935483872,0.22580645161290322,0.1935483870967742,0.1774193548387097,0.3225806451612903,0.3387096774193548,0.2903225806451613,0.3064516129032258,0.46774193548387094,0.16129032258064516,0.25806451612903225,0.20967741935483872
AAA028A23,0.013513513513513514,0.13513513513513514,0.14864864864864866,0.24324324324324326,0.3108108108108108,0.04054054054054054,0.13513513513513514,0.13513513513513514,0.4189189189189189,0.08108108108108109,0.0,0.0,0.14864864864864866,0.3108108108108108,0.10810810810810811,0.25675675675675674,0.36486486486486486,0.3108108108108108,0.25675675675675674,0.2972972972972973,0.25675675675675674,0.10810810810810811,0.24324324324324326,0.04054054054054054,0.5,0.4864864864864865,0.24324324324324326,0.12162162162162163,0.40540540540540543,0.47297297297297297,0.33783783783783783,0.2702702702702703,0.4189189189189189,0.3918918918918919,0.10810810810810811,0.24324324324324326,0.527027027027027,0.12162162162162163,0.22972972972972974,0.14864864864864866,0.13513513513513514,0.08108108108108109,0.20270270270270271,0.22972972972972974,0.43243243243243246,0.2972972972972973,0.44594594594594594,0.20270270270270271,0.10810810810810811,0.25675675675675674,0.10810810810810811,0.47297297297297297,0.4189189189189189,0.25675675675675674,0.28378378378378377,0.527027027027027,0.17567567567567569,0.25675675675675674,0.20270270270270271
AAA028C09,0.22,0.52,0.24,0.42,0.22,0.5,0.3,0.3,0.24,0.3,0.18,0.0,0.28,0.68,0.6,0.42,0.62,0.72,0.74,0.66,0.54,0.3,0.72,0.18,0.76,0.7,0.32,0.32,0.72,0.72,0.32,0.72,0.58,0.58,0.28,0.66,0.72,0.22,0.72,0.54,0.24,0.46,0.7,0.72,0.7,0.72,0.6,0.7,0.52,0.68,0.6,0.72,0.7,0.72,0.66,0.76,0.26,0.5,0.56
AAA028E20,0.04,0.06,0.03,0.18,0.26,0.04,0.08,0.1,0.34,0.07,0.08,0.01,0.0,0.18,0.07,0.18,0.23,0.24,0.16,0.2,0.16,0.07,0.22,0.07,0.38,0.39,0.23,0.09,0.36,0.4,0.27,0.2,0.28,0.32,0.07,0.18,0.39,0.09,0.16,0.06,0.09,0.05,0.19,0.2,0.29,0.25,0.35,0.19,0.12,0.16,0.1,0.34,0.29,0.22,0.23,0.4,0.14,0.18,0.14
AAA028G02,0.022388059701492536,0.05223880597014925,0.022388059701492536,0.029850746268656716,0.1417910447761194,0.03731343283582089,0.03731343283582089,0.04477611940298507,0.19402985074626866,0.029850746268656716,0.022388059701492536,0.0,0.022388059701492536,0.0,0.05223880597014925,0.04477611940298507,0.14925373134328357,0.08208955223880597,0.04477611940298507,0.07462686567164178,0.029850746268656716,0.029850746268656716,0.05970149253731343,0.04477611940298507,0.2462686567164179,0.208955223880597,0.13432835820895522,0.03731343283582089,0.1791044776119403,0.20149253731343283,0.208955223880597,0.04477611940298507,0.1791044776119403,0.21641791044776118,0.029850746268656716,0.05223880597014925,0.20149253731343283,0.05970149253731343,0.04477611940298507,0.029850746268656716,0.04477611940298507,0.007462686567164179,0.05223880597014925,0.05223880597014925,0.1417910447761194,0.08208955223880597,0.17164179104477612,0.05223880597014925,0.07462686567164178,0.029850746268656716,0.029850746268656716,0.14925373134328357,0.12686567164179105,0.06716417910447761,0.08208955223880597,0.2462686567164179,0.022388059701492536,0.04477611940298507,0.022388059701492536
AAA028I14,0.09482758620689655,0.0603448275862069,0.11206896551724138,0.20689655172413793,0.19827586206896552,0.04310344827586207,0.12931034482758622,0.09482758620689655,0.31896551724137934,0.08620689655172414,0.10344827586206896,0.008620689655172414,0.13793103448275862,0.23275862068965517,0.0,0.1810344827586207,0.25,0.21551724137931033,0.1896551724137931,0.2413793103448276,0.19827586206896552,0.08620689655172414,0.21551724137931033,0.06896551724137931,0.3275862068965517,0.3275862068965517,0.23275862068965517,0.09482758620689655,0.33620689655172414,0.35344827586206895,0.21551724137931033,0.19827586206896552,0.2413793103448276,0.27586206896551724,0.06896551724137931,0.1724137931034483,0.3620689655172414,0.09482758620689655,0.19827586206896552,0.11206896551724138,0.0603448275862069,0.07758620689655173,0.1810344827586207,0.20689655172413793,0.28448275862068967,0.2413793103448276,0.3275862068965517,0.1810344827586207,0.12931034482758622,0.15517241379310345,0.10344827586206896,0.33620689655172414,0.29310344827586204,0.23275862068965517,0.21551724137931033,0.35344827586206895,0.14655172413793102,0.19827586206896552,0.14655172413793102
AAA028N15,0.07692307692307693,0.1978021978021978,0.12087912087912088,0.12087912087912088,0.1978021978021978,0.16483516483516483,0.12087912087912088,0.13186813186813187,0.2857142857142857,0.10989010989010989,0.0989010989010989,0.0,0.13186813186813187,0.2967032967032967,0.23076923076923078,0.0,0.34065934065934067,0.31868131868131866,0.24175824175824176,0.2967032967032967,0.2857142857142857,0.10989010989010989,0.26373626373626374,0.12087912087912088,0.4065934065934066,0.45054945054945056,0.23076923076923078,0.10989010989010989,0.38461538461538464,0.43956043956043955,0.26373626373626374,0.27472527472527475,0.3956043956043956,0.45054945054945056,0.07692307692307693,0.26373626373626374,0.45054945054945056,0.16483516483516483,0.23076923076923078,0.27472527472527475,0.0989010989010989,0.2087912087912088,0.27472527472527475,0.2967032967032967,0.4065934065934066,0.3076923076923077,0.43956043956043955,0.25274725274725274,0.2967032967032967,0.24175824175824176,0.25274725274725274,0.43956043956043955,0.38461538461538464,0.27472527472527475,0.3076923076923077,0.46153846153846156,0.08791208791208792,0.15384615384615385,0.21978021978021978
AAA028P02,0.06422018348623854,0.06422018348623854,0.09174311926605505,0.11926605504587157,0.09174311926605505,0.01834862385321101,0.07339449541284404,0.09174311926605505,0.1743119266055046,0.07339449541284404,0.08256880733944955,0.0,0.10091743119266056,0.1651376146788991,0.08256880733944955,0.10091743119266056,0.0,0.1559633027522936,0.10091743119266056,0.1559633027522936,0.13761467889908258,0.07339449541284404,0.13761467889908258,0.09174311926605505,0.1926605504587156,0.21100917431192662,0.12844036697247707,0.07339449541284404,0.1651376146788991,0.22018348623853212,0.1559633027522936,0.12844036697247707,0.10091743119266056,0.21100917431192662,0.08256880733944955,0.11926605504587157,0.22018348623853212,0.09174311926605505,0.11009174311926606,0.07339449541284404,0.09174311926605505,0.045871559633027525,0.11926605504587157,0.11009174311926606,0.1743119266055046,0.12844036697247707,0.1926605504587156,0.11009174311926606,0.11926605504587157,0.11009174311926606,0.09174311926605505,0.1926605504587156,0.1651376146788991,0.11926605504587157,0.1559633027522936,0.1926605504587156,0.05504587155963303,0.11009174311926606,0.09174311926605505
AAA041L13,0.03305785123966942,0.008264462809917356,0.04132231404958678,0.0743801652892562,0.11570247933884298,0.024793388429752067,0.0743801652892562,0.0743801652892562,0.19008264462809918,0.024793388429752067,0.05785123966942149,0.0,0.0743801652892562,0.09090909090909091,0.01652892561983471,0.06611570247933884,0.12396694214876033,0.0,0.06611570247933884,0.08264462809917356,0.0743801652892562,0.03305785123966942,0.06611570247933884,0.008264462809917356,0.23140495867768596,0.21487603305785125,0.19834710743801653,0.05785123966942149,0.18181818181818182,0.2066115702479339,0.2066115702479339,0.05785123966942149,0.15702479338842976,0.2396694214876033,0.06611570247933884,0.06611570247933884,0.2396694214876033,0.05785123966942149,0.06611570247933884,0.03305785123966942,0.024793388429752067,0.0743801652892562,0.024793388429752067,0.05785123966942149,0.19008264462809918,0.0743801652892562,0.2066115702479339,0.03305785123966942,0.09090909090909091,0.049586776859504134,0.049586776859504134,0.2066115702479339,0.19834710743801653,0.05785123966942149,0.09090909090909091,0.24793388429752067,0.008264462809917356,0.06611570247933884,0.04132231404958678
AAA044D11,0.025423728813559324,0.0847457627118644,0.1271186440677966,0.07627118644067797,0.1440677966101695,0.025423728813559324,0.059322033898305086,0.09322033898305085,0.22033898305084745,0.0423728813559322,0.0847457627118644,0.0,0.06779661016949153,0.1016949152542373,0.06779661016949153,0.09322033898305085,0.16101694915254236,0.16101694915254236,0.0,0.15254237288135594,0.0847457627118644,0.06779661016949153,0.11016949152542373,0.09322033898305085,0.2457627118644068,0.22033898305084745,0.19491525423728814,0.06779661016949153,0.19491525423728814,0.2711864406779661,0.19491525423728814,0.1016949152542373,0.16101694915254236,0.2627118644067797,0.059322033898305086,0.059322033898305086,0.2796610169491525,0.1271186440677966,0.059322033898305086,0.07627118644067797,0.07627118644067797,0.0423728813559322,0.06779661016949153,0.09322033898305085,0.16101694915254236,0.13559322033898305,0.2457627118644068,0.05084745762711865,0.11864406779661017,0.025423728813559324,0.06779661016949153,0.211864406779661,0.211864406779661,0.11864406779661017,0.16101694915254236,0.2711864406779661,0.03389830508474576,0.059322033898305086,0.03389830508474576
AAA044N04,0.01694915254237288,0.00847457627118644,0.0,0.05084745762711865,0.11864406779661017,0.01694915254237288,0.025423728813559324,0.01694915254237288,0.17796610169491525,0.03389830508474576,0.00847457627118644,0.0,0.01694915254237288,0.05084745762711865,0.03389830508474576,0.0423728813559322,0.09322033898305085,0.05084745762711865,0.025423728813559324,0.0,0.03389830508474576,0.01694915254237288,0.03389830508474576,0.01694915254237288,0.211864406779661,0.2033898305084746,0.16101694915254236,0.025423728813559324,0.17796610169491525,0.19491525423728814,0.17796610169491525,0.03389830508474576,0.1440677966101695,0.2033898305084746,0.025423728813559324,0.0423728813559322,0.211864406779661,0.03389830508474576,0.01694915254237288,0.03389830508474576,0.025423728813559324,0.01694915254237288,0.025423728813559324,0.03389830508474576,0.15254237288135594,0.059322033898305086,0.17796610169491525,0.01694915254237288,0.07627118644067797,0.03389830508474576,0.01694915254237288,0.17796610169491525,0.1440677966101695,0.0423728813559322,0.0847457627118644,0.22033898305084745,0.00847457627118644,0.03389830508474576,0.025423728813559324
AAA044O16,0.024793388429752067,0.0743801652892562,0.03305785123966942,0.0743801652892562,0.1652892561983471,0.03305785123966942,0.049586776859504134,0.049586776859504134,0.21487603305785125,0.01652892561983471,0.01652892561983471,0.008264462809917356,0.024793388429752067,0.05785123966942149,0.05785123966942149,0.09090909090909091,0.18181818181818182,0.10743801652892562,0.06611570247933884,0.09917355371900827,0.0,0.04132231404958678,0.09090909090909091,0.024793388429752067,0.2975206611570248,0.24793388429752067,0.18181818181818182,0.049586776859504134,0.2066115702479339,0.24793388429752067,0.2396694214876033,0.08264462809917356,0.19008264462809918,0.2396694214876033,0.01652892561983471,0.06611570247933884,0.256198347107438,0.0743801652892562,0.049586776859504134,0.049586776859504134,0.05785123966942149,0.04132231404958678,0.0743801652892562,0.0743801652892562,0.17355371900826447,0.10743801652892562,0.21487603305785125,0.0743801652892562,0.08264462809917356,0.05785123966942149,0.04132231404958678,0.19834710743801653,0.19008264462809918,0.09090909090909091,0.11570247933884298,0.2975206611570248,0.049586776859504134,0.06611570247933884,0.049586776859504134
AAA278I18,0.027522935779816515,0.11009174311926606,0.09174311926605505,0.1834862385321101,0.22935779816513763,0.045871559633027525,0.09174311926605505,0.11009174311926606,0.3577981651376147,0.06422018348623854,0.06422018348623854,0.0,0.11009174311926606,0.24770642201834864,0.08256880733944955,0.1834862385321101,0.25688073394495414,0.23853211009174313,0.1651376146788991,0.25688073394495414,0.2018348623853211,0.0,0.2018348623853211,0.06422018348623854,0.3669724770642202,0.3577981651376147,0.22018348623853212,0.10091743119266056,0.3119266055045872,0.3669724770642202,0.26605504587155965,0.1926605504587156,0.3119266055045872,0.29357798165137616,0.06422018348623854,0.1834862385321101,0.4036697247706422,0.10091743119266056,0.1743119266055046,0.10091743119266056,0.09174311926605505,0.08256880733944955,0.14678899082568808,0.1743119266055046,0.3119266055045872,0.24770642201834864,0.3577981651376147,0.1651376146788991,0.13761467889908258,0.1559633027522936,0.07339449541284404,0.3577981651376147,0.3119266055045872,0.22935779816513763,0.23853211009174313,0.4036697247706422,0.11926605504587157,0.1834862385321101,0.1651376146788991
AAA278O22,0.03968253968253968,0.047619047619047616,0.07936507936507936,0.07936507936507936,0.14285714285714285,0.0,0.06349206349206349,0.06349206349206349,0.19047619047619047,0.05555555555555555,0.047619047619047616,0.0,0.07142857142857142,0.0873015873015873,0.03968253968253968,0.031746031746031744,0.15873015873015872,0.10317460317460317,0.05555555555555555,0.09523809523809523,0.0873015873015873,0.015873015873015872,0.0,0.06349206349206349,0.19047619047619047,0.18253968253968253,0.16666666666666666,0.047619047619047616,0.1746031746031746,0.1984126984126984,0.19047619047619047,0.07936507936507936,0.15873015873015872,0.20634920634920634,0.031746031746031744,0.07142857142857142,0.19047619047619047,0.05555555555555555,0.05555555555555555,0.07936507936507936,0.031746031746031744,0.031746031746031744,0.06349206349206349,0.07142857142857142,0.16666666666666666,0.0873015873015873,0.21428571428571427,0.07142857142857142,0.09523809523809523,0.03968253968253968,0.047619047619047616,0.18253968253968253,0.15873015873015872,0.07142857142857142,0.10317460317460317,0.2222222222222222,0.047619047619047616,0.07936507936507936,0.07936507936507936
AB141P03,0.10843373493975904,0.1566265060240964,0.2289156626506024,0.30120481927710846,0.3614457831325301,0.07228915662650602,0.26506024096385544,0.26506024096385544,0.5060240963855421,0.1686746987951807,0.1566265060240964,0.024096385542168676,0.26506024096385544,0.42168674698795183,0.1927710843373494,0.3614457831325301,0.4578313253012048,0.3614457831325301,0.37349397590361444,0.4457831325301205,0.3855421686746988,0.20481927710843373,0.3614457831325301,0.0,0.6024096385542169,0.5542168674698795,0.3373493975903614,0.26506024096385544,0.4819277108433735,0.5783132530120482,0.43373493975903615,0.39759036144578314,0.4819277108433735,0.4819277108433735,0.1927710843373494,0.3493975903614458,0.5903614457831325,0.20481927710843373,0.3373493975903614,0.21686746987951808,0.24096385542168675,0.24096385542168675,0.2891566265060241,0.3493975903614458,0.4939759036144578,0.37349397590361444,0.5180722891566265,0.27710843373493976,0.18072289156626506,0.3614457831325301,0.21686746987951808,0.5421686746987951,0.5542168674698795,0.3614457831325301,0.3493975903614458,0.6265060240963856,0.2289156626506024,0.37349397590361444,0.27710843373493976
MEintmetabat10152,0.08661417322834646,0.09448818897637795,0.10236220472440945,0.09448818897637795,0.03937007874015748,0.023622047244094488,0.11811023622047244,0.12598425196850394,0.07874015748031496,0.09448818897637795,0.11023622047244094,0.007874015748031496,0.11811023622047244,0.15748031496062992,0.06299212598425197,0.07874015748031496,0.11811023622047244,0.15748031496062992,0.13385826771653545,0.15748031496062992,0.15748031496062992,0.09448818897637795,0.11023622047244094,0.10236220472440945,0.0,0.10236220472440945,0.10236220472440945,0.08661417322834646,0.05511811023622047,0.09448818897637795,0.12598425196850394,0.12598425196850394,0.12598425196850394,0.12598425196850394,0.07086614173228346,0.11023622047244094,0.11023622047244094,0.12598425196850394,0.13385826771653545,0.12598425196850394,0.06299212598425197,0.07086614173228346,0.11811023622047244,0.12598425196850394,0.11023622047244094,0.14960629921259844,0.12598425196850394,0.10236220472440945,0.10236220472440945,0.08661417322834646,0.07874015748031496,0.12598425196850394,0.10236220472440945,0.15748031496062992,0.10236220472440945,0.11811023622047244,0.05511811023622047,0.10236220472440945,0.06299212598425197
MEintmetabat1091,0.03968253968253968,0.06349206349206349,0.10317460317460317,0.07142857142857142,0.031746031746031744,0.015873015873015872,0.09523809523809523,0.09523809523809523,0.05555555555555555,0.07142857142857142,0.07142857142857142,0.0,0.07936507936507936,0.12698412698412698,0.047619047619047616,0.07936507936507936,0.0873015873015873,0.11904761904761904,0.0873015873015873,0.1349206349206349,0.09523809523809523,0.07142857142857142,0.09523809523809523,0.07142857142857142,0.11904761904761904,0.0,0.047619047619047616,0.07142857142857142,0.031746031746031744,0.09523809523809523,0.07936507936507936,0.09523809523809523,0.07936507936507936,0.06349206349206349,0.05555555555555555,0.05555555555555555,0.09523809523809523,0.047619047619047616,0.0873015873015873,0.11904761904761904,0.031746031746031744,0.05555555555555555,0.09523809523809523,0.07142857142857142,0.05555555555555555,0.11904761904761904,0.07142857142857142,0.07142857142857142,0.06349206349206349,0.05555555555555555,0.06349206349206349,0.07936507936507936,0.06349206349206349,0.1111111111111111,0.07142857142857142,0.15873015873015872,0.031746031746031744,0.0873015873015873,0.07142857142857142
MEintmetabat11576,0.08695652173913043,0.06956521739130435,0.1565217391304348,0.17391304347826086,0.12173913043478261,0.034782608695652174,0.11304347826086956,0.2,0.1826086956521739,0.14782608695652175,0.1391304347826087,0.008695652173913044,0.1565217391304348,0.25217391304347825,0.14782608695652175,0.22608695652173913,0.22608695652173913,0.2956521739130435,0.23478260869565218,0.30434782608695654,0.2608695652173913,0.1826086956521739,0.26956521739130435,0.1391304347826087,0.3130434782608696,0.23478260869565218,0.0,0.19130434782608696,0.20869565217391303,0.2608695652173913,0.1826086956521739,0.26956521739130435,0.25217391304347825,0.17391304347826086,0.14782608695652175,0.24347826086956523,0.26956521739130435,0.17391304347826086,0.25217391304347825,0.1391304347826087,0.13043478260869565,0.0782608695652174,0.24347826086956523,0.2782608695652174,0.20869565217391303,0.28695652173913044,0.22608695652173913,0.23478260869565218,0.12173913043478261,0.23478260869565218,0.1565217391304348,0.22608695652173913,0.22608695652173913,0.28695652173913044,0.2608695652173913,0.26956521739130435,0.1565217391304348,0.26956521739130435,0.16521739130434782
MEintmetabat1363,0.047619047619047616,0.10476190476190476,0.13333333333333333,0.14285714285714285,0.23809523809523808,0.02857142857142857,0.10476190476190476,0.09523809523809523,0.2857142857142857,0.06666666666666667,0.05714285714285714,0.0,0.11428571428571428,0.22857142857142856,0.06666666666666667,0.17142857142857143,0.22857142857142856,0.21904761904761905,0.18095238095238095,0.23809523809523808,0.20952380952380953,0.0761904761904762,0.19047619047619047,0.06666666666666667,0.3238095238095238,0.3238095238095238,0.2,0.0,0.3047619047619048,0.3333333333333333,0.23809523809523808,0.1619047619047619,0.2857142857142857,0.26666666666666666,0.0761904761904762,0.17142857142857143,0.34285714285714286,0.09523809523809523,0.19047619047619047,0.08571428571428572,0.0761904761904762,0.02857142857142857,0.19047619047619047,0.19047619047619047,0.2857142857142857,0.20952380952380953,0.3238095238095238,0.19047619047619047,0.08571428571428572,0.1523809523809524,0.08571428571428572,0.3238095238095238,0.2761904761904762,0.20952380952380953,0.19047619047619047,0.3619047619047619,0.1523809523809524,0.18095238095238095,0.17142857142857143
MEintmetabat14260,0.10309278350515463,0.13402061855670103,0.2268041237113402,0.12371134020618557,0.1134020618556701,0.030927835051546393,0.15463917525773196,0.21649484536082475,0.12371134020618557,0.10309278350515463,0.14432989690721648,0.010309278350515464,0.15463917525773196,0.23711340206185566,0.12371134020618557,0.18556701030927836,0.18556701030927836,0.23711340206185566,0.18556701030927836,0.27835051546391754,0.18556701030927836,0.18556701030927836,0.2268041237113402,0.14432989690721648,0.2268041237113402,0.15463917525773196,0.13402061855670103,0.20618556701030927,0.0,0.21649484536082475,0.1958762886597938,0.24742268041237114,0.1958762886597938,0.20618556701030927,0.16494845360824742,0.15463917525773196,0.24742268041237114,0.16494845360824742,0.1958762886597938,0.17525773195876287,0.12371134020618557,0.16494845360824742,0.15463917525773196,0.18556701030927836,0.17525773195876287,0.2268041237113402,0.1958762886597938,0.15463917525773196,0.12371134020618557,0.16494845360824742,0.15463917525773196,0.1958762886597938,0.2268041237113402,0.24742268041237114,0.18556701030927836,0.2268041237113402,0.08247422680412371,0.1958762886597938,0.14432989690721648
MEintmetabat1719,0.06349206349206349,0.03968253968253968,0.07142857142857142,0.05555555555555555,0.015873015873015872,0.007936507936507936,0.09523809523809523,0.09523809523809523,0.031746031746031744,0.0873015873015873,0.06349206349206349,0.0,0.07936507936507936,0.12698412698412698,0.06349206349206349,0.06349206349206349,0.09523809523809523,0.12698412698412698,0.1111111111111111,0.1349206349206349,0.1111111111111111,0.0873015873015873,0.10317460317460317,0.07142857142857142,0.10317460317460317,0.06349206349206349,0.031746031746031744,0.07936507936507936,0.047619047619047616,0.0,0.0873015873015873,0.10317460317460317,0.1111111111111111,0.05555555555555555,0.06349206349206349,0.07936507936507936,0.047619047619047616,0.07142857142857142,0.09523809523809523,0.07936507936507936,0.031746031746031744,0.05555555555555555,0.1111111111111111,0.10317460317460317,0.07142857142857142,0.10317460317460317,0.07142857142857142,0.09523809523809523,0.0873015873015873,0.07142857142857142,0.07142857142857142,0.09523809523809523,0.07936507936507936,0.1111111111111111,0.07936507936507936,0.14285714285714285,0.03968253968253968,0.10317460317460317,0.06349206349206349
MEintmetabat1953,0.03669724770642202,0.05504587155963303,0.06422018348623854,0.14678899082568808,0.14678899082568808,0.009174311926605505,0.06422018348623854,0.045871559633027525,0.21100917431192662,0.06422018348623854,0.045871559633027525,0.0,0.06422018348623854,0.1743119266055046,0.027522935779816515,0.13761467889908258,0.1559633027522936,0.1834862385321101,0.1559633027522936,0.1834862385321101,0.13761467889908258,0.05504587155963303,0.1651376146788991,0.045871559633027525,0.25688073394495414,0.1926605504587156,0.11009174311926606,0.08256880733944955,0.2018348623853211,0.2018348623853211,0.0,0.1559633027522936,0.12844036697247707,0.11009174311926606,0.027522935779816515,0.14678899082568808,0.2018348623853211,0.05504587155963303,0.14678899082568808,0.07339449541284404,0.03669724770642202,0.045871559633027525,0.14678899082568808,0.14678899082568808,0.1834862385321101,0.1743119266055046,0.21100917431192662,0.14678899082568808,0.07339449541284404,0.12844036697247707,0.05504587155963303,0.22018348623853212,0.21100917431192662,0.1834862385321101,0.13761467889908258,0.27522935779816515,0.10091743119266056,0.1559633027522936,0.11009174311926606
MEintmetabat2297,0.017241379310344827,0.06896551724137931,0.0603448275862069,0.0603448275862069,0.12931034482758622,0.02586206896551724,0.04310344827586207,0.04310344827586207,0.19827586206896552,0.017241379310344827,0.034482758620689655,0.0,0.0603448275862069,0.08620689655172414,0.034482758620689655,0.06896551724137931,0.12931034482758622,0.09482758620689655,0.04310344827586207,0.09482758620689655,0.07758620689655173,0.02586206896551724,0.04310344827586207,0.04310344827586207,0.20689655172413793,0.19827586206896552,0.16379310344827586,0.017241379310344827,0.1810344827586207,0.20689655172413793,0.1724137931034483,0.0,0.1724137931034483,0.20689655172413793,0.017241379310344827,0.02586206896551724,0.20689655172413793,0.04310344827586207,0.04310344827586207,0.0603448275862069,0.017241379310344827,0.008620689655172414,0.04310344827586207,0.05172413793103448,0.16379310344827586,0.09482758620689655,0.1810344827586207,0.034482758620689655,0.06896551724137931,0.02586206896551724,0.04310344827586207,0.1810344827586207,0.15517241379310345,0.06896551724137931,0.06896551724137931,0.2413793103448276,0.017241379310344827,0.02586206896551724,0.04310344827586207
MEintmetabat2538,0.08264462809917356,0.06611570247933884,0.10743801652892562,0.14049586776859505,0.09917355371900827,0.008264462809917356,0.11570247933884298,0.10743801652892562,0.18181818181818182,0.10743801652892562,0.12396694214876033,0.008264462809917356,0.12396694214876033,0.2231404958677686,0.04132231404958678,0.17355371900826447,0.08264462809917356,0.2066115702479339,0.18181818181818182,0.2396694214876033,0.1487603305785124,0.10743801652892562,0.2066115702479339,0.09917355371900827,0.23140495867768596,0.2066115702479339,0.15702479338842976,0.10743801652892562,0.2066115702479339,0.21487603305785125,0.10743801652892562,0.2066115702479339,0.0,0.17355371900826447,0.06611570247933884,0.1652892561983471,0.23140495867768596,0.10743801652892562,0.18181818181818182,0.11570247933884298,0.0743801652892562,0.09090909090909091,0.18181818181818182,0.19008264462809918,0.18181818181818182,0.18181818181818182,0.17355371900826447,0.1652892561983471,0.12396694214876033,0.14049586776859505,0.11570247933884298,0.2066115702479339,0.2066115702479339,0.2066115702479339,0.1652892561983471,0.2396694214876033,0.09917355371900827,0.1652892561983471,0.09917355371900827
MEintmetabat2729,0.03787878787878788,0.03787878787878788,0.06060606060606061,0.15151515151515152,0.06818181818181818,0.007575757575757576,0.045454545454545456,0.06060606060606061,0.09848484848484848,0.05303030303030303,0.03787878787878788,0.0,0.045454545454545456,0.19696969696969696,0.015151515151515152,0.16666666666666666,0.12878787878787878,0.1893939393939394,0.16666666666666666,0.20454545454545456,0.12878787878787878,0.045454545454545456,0.18181818181818182,0.03787878787878788,0.1893939393939394,0.11363636363636363,0.022727272727272728,0.06060606060606061,0.12121212121212122,0.13636363636363635,0.045454545454545456,0.16666666666666666,0.12878787878787878,0.0,0.030303030303030304,0.13636363636363635,0.13636363636363635,0.022727272727272728,0.15151515151515152,0.06818181818181818,0.015151515151515152,0.030303030303030304,0.1590909090909091,0.16666666666666666,0.14393939393939395,0.1893939393939394,0.09848484848484848,0.14393939393939395,0.045454545454545456,0.14393939393939395,0.045454545454545456,0.1590909090909091,0.15151515151515152,0.1893939393939394,0.15151515151515152,0.24242424242424243,0.12121212121212122,0.1590909090909091,0.14393939393939395
MEintmetabat283,0.1282051282051282,0.1282051282051282,0.11538461538461539,0.28205128205128205,0.34615384615384615,0.01282051282051282,0.15384615384615385,0.14102564102564102,0.5128205128205128,0.10256410256410256,0.15384615384615385,0.01282051282051282,0.19230769230769232,0.3333333333333333,0.0641025641025641,0.23076923076923078,0.358974358974359,0.3333333333333333,0.2948717948717949,0.34615384615384615,0.2692307692307692,0.14102564102564102,0.32051282051282054,0.10256410256410256,0.46153846153846156,0.5512820512820513,0.3333333333333333,0.1794871794871795,0.4358974358974359,0.5256410256410257,0.34615384615384615,0.2948717948717949,0.358974358974359,0.4230769230769231,0.0,0.28205128205128205,0.5384615384615384,0.16666666666666666,0.2564102564102564,0.16666666666666666,0.10256410256410256,0.14102564102564102,0.2692307692307692,0.2948717948717949,0.46153846153846156,0.3333333333333333,0.5128205128205128,0.2692307692307692,0.23076923076923078,0.24358974358974358,0.14102564102564102,0.48717948717948717,0.48717948717948717,0.34615384615384615,0.34615384615384615,0.5512820512820513,0.1794871794871795,0.2692307692307692,0.21794871794871795
MEintmetabat3119,0.05504587155963303,0.09174311926605505,0.09174311926605505,0.10091743119266056,0.14678899082568808,0.027522935779816515,0.07339449541284404,0.07339449541284404,0.1926605504587156,0.03669724770642202,0.06422018348623854,0.01834862385321101,0.07339449541284404,0.11926605504587157,0.03669724770642202,0.10091743119266056,0.1559633027522936,0.10091743119266056,0.07339449541284404,0.11009174311926606,0.09174311926605505,0.06422018348623854,0.11009174311926606,0.05504587155963303,0.21100917431192662,0.2018348623853211,0.21100917431192662,0.05504587155963303,0.1743119266055046,0.22018348623853212,0.1651376146788991,0.06422018348623854,0.1651376146788991,0.22018348623853212,0.05504587155963303,0.0,0.22935779816513763,0.07339449541284404,0.06422018348623854,0.11926605504587157,0.05504587155963303,0.06422018348623854,0.06422018348623854,0.07339449541284404,0.1926605504587156,0.11009174311926606,0.22935779816513763,0.05504587155963303,0.07339449541284404,0.05504587155963303,0.05504587155963303,0.22935779816513763,0.21100917431192662,0.11009174311926606,0.07339449541284404,0.27522935779816515,0.03669724770642202,0.05504587155963303,0.045871559633027525
MEintmetabat3163,0.05504587155963303,0.045871559633027525,0.06422018348623854,0.07339449541284404,0.01834862385321101,0.009174311926605505,0.09174311926605505,0.07339449541284404,0.06422018348623854,0.10091743119266056,0.05504587155963303,0.0,0.10091743119266056,0.14678899082568808,0.045871559633027525,0.07339449541284404,0.10091743119266056,0.11926605504587157,0.11009174311926606,0.12844036697247707,0.11926605504587157,0.08256880733944955,0.12844036697247707,0.06422018348623854,0.10091743119266056,0.08256880733944955,0.08256880733944955,0.07339449541284404,0.07339449541284404,0.05504587155963303,0.10091743119266056,0.12844036697247707,0.11009174311926606,0.08256880733944955,0.08256880733944955,0.09174311926605505,0.0,0.07339449541284404,0.11009174311926606,0.05504587155963303,0.05504587155963303,0.027522935779816515,0.11009174311926606,0.11009174311926606,0.08256880733944955,0.11926605504587157,0.09174311926605505,0.11009174311926606,0.08256880733944955,0.08256880733944955,0.08256880733944955,0.08256880733944955,0.05504587155963303,0.13761467889908258,0.07339449541284404,0.11926605504587157,0.03669724770642202,0.10091743119266056,0.045871559633027525
MEintmetabat3864,0.09090909090909091,0.04040404040404041,0.08080808080808081,0.1919191919191919,0.26262626262626265,0.030303030303030304,0.12121212121212122,0.12121212121212122,0.3434343434343434,0.1111111111111111,0.12121212121212122,0.0,0.10101010101010101,0.25252525252525254,0.050505050505050504,0.23232323232323232,0.2222222222222222,0.25252525252525254,0.21212121212121213,0.23232323232323232,0.24242424242424243,0.12121212121212122,0.24242424242424243,0.12121212121212122,0.41414141414141414,0.36363636363636365,0.23232323232323232,0.0707070707070707,0.35353535353535354,0.40404040404040403,0.26262626262626265,0.2222222222222222,0.2828282828282828,0.29292929292929293,0.12121212121212122,0.21212121212121213,0.37373737373737376,0.0,0.21212121212121213,0.08080808080808081,0.08080808080808081,0.050505050505050504,0.23232323232323232,0.26262626262626265,0.3333333333333333,0.24242424242424243,0.3434343434343434,0.20202020202020202,0.10101010101010101,0.2222222222222222,0.1414141414141414,0.3333333333333333,0.29292929292929293,0.23232323232323232,0.25252525252525254,0.37373737373737376,0.18181818181818182,0.23232323232323232,0.1919191919191919
MEintmetabat4252,0.030927835051546393,0.14432989690721648,0.1134020618556701,0.10309278350515463,0.18556701030927836,0.020618556701030927,0.09278350515463918,0.08247422680412371,0.26804123711340205,0.030927835051546393,0.061855670103092786,0.0,0.10309278350515463,0.13402061855670103,0.07216494845360824,0.08247422680412371,0.18556701030927836,0.16494845360824742,0.05154639175257732,0.15463917525773196,0.07216494845360824,0.07216494845360824,0.12371134020618557,0.07216494845360824,0.26804123711340205,0.27835051546391754,0.23711340206185566,0.061855670103092786,0.21649484536082475,0.29896907216494845,0.23711340206185566,0.10309278350515463,0.2268041237113402,0.28865979381443296,0.041237113402061855,0.061855670103092786,0.28865979381443296,0.1134020618556701,0.0,0.10309278350515463,0.09278350515463918,0.061855670103092786,0.07216494845360824,0.08247422680412371,0.2268041237113402,0.15463917525773196,0.28865979381443296,0.061855670103092786,0.13402061855670103,0.061855670103092786,0.061855670103092786,0.25773195876288657,0.23711340206185566,0.13402061855670103,0.15463917525773196,0.30927835051546393,0.05154639175257732,0.061855670103092786,0.05154639175257732
MEintmetabat6647,0.05042016806722689,0.03361344537815126,0.06722689075630252,0.14285714285714285,0.21008403361344538,0.025210084033613446,0.04201680672268908,0.1092436974789916,0.25210084033613445,0.058823529411764705,0.07563025210084033,0.0,0.04201680672268908,0.15126050420168066,0.058823529411764705,0.16806722689075632,0.16806722689075632,0.2184873949579832,0.13445378151260504,0.2184873949579832,0.15126050420168066,0.08403361344537816,0.20168067226890757,0.07563025210084033,0.31092436974789917,0.31932773109243695,0.15126050420168066,0.1092436974789916,0.2689075630252101,0.3277310924369748,0.18487394957983194,0.19327731092436976,0.21008403361344538,0.25210084033613445,0.10084033613445378,0.17647058823529413,0.3445378151260504,0.09243697478991597,0.17647058823529413,0.0,0.08403361344537816,0.025210084033613446,0.16806722689075632,0.21008403361344538,0.2773109243697479,0.226890756302521,0.29411764705882354,0.19327731092436976,0.09243697478991597,0.16806722689075632,0.10084033613445378,0.2857142857142857,0.2689075630252101,0.226890756302521,0.226890756302521,0.31092436974789917,0.14285714285714285,0.17647058823529413,0.12605042016806722
MEintmetabat885,0.12727272727272726,0.09090909090909091,0.13636363636363635,0.2,0.22727272727272727,0.05454545454545454,0.18181818181818182,0.16363636363636364,0.35454545454545455,0.13636363636363635,0.14545454545454545,0.0,0.19090909090909092,0.3,0.045454545454545456,0.20909090909090908,0.2909090909090909,0.2545454545454545,0.2545454545454545,0.3090909090909091,0.2818181818181818,0.12727272727272726,0.2545454545454545,0.08181818181818182,0.36363636363636365,0.37272727272727274,0.2545454545454545,0.13636363636363635,0.32727272727272727,0.35454545454545455,0.2909090909090909,0.24545454545454545,0.32727272727272727,0.3181818181818182,0.09090909090909091,0.2545454545454545,0.39090909090909093,0.10909090909090909,0.2545454545454545,0.13636363636363635,0.0,0.1,0.22727272727272727,0.2545454545454545,0.3090909090909091,0.2818181818181818,0.35454545454545455,0.2,0.17272727272727273,0.20909090909090908,0.14545454545454545,0.35454545454545455,0.33636363636363636,0.2909090909090909,0.21818181818181817,0.44545454545454544,0.12727272727272726,0.24545454545454545,0.18181818181818182
TBepimetabat149,0.06896551724137931,0.07758620689655173,0.13793103448275862,0.1896551724137931,0.23275862068965517,0.04310344827586207,0.09482758620689655,0.13793103448275862,0.3017241379310345,0.10344827586206896,0.12931034482758622,0.0,0.14655172413793102,0.23275862068965517,0.0603448275862069,0.21551724137931033,0.21551724137931033,0.25862068965517243,0.1896551724137931,0.2672413793103448,0.19827586206896552,0.12931034482758622,0.22413793103448276,0.11206896551724138,0.35344827586206895,0.31896551724137934,0.1810344827586207,0.1206896551724138,0.3275862068965517,0.3706896551724138,0.16379310344827586,0.21551724137931033,0.20689655172413793,0.2672413793103448,0.10344827586206896,0.20689655172413793,0.3706896551724138,0.10344827586206896,0.23275862068965517,0.09482758620689655,0.07758620689655173,0.0,0.20689655172413793,0.2413793103448276,0.2672413793103448,0.25862068965517243,0.31896551724137934,0.1896551724137931,0.11206896551724138,0.1896551724137931,0.13793103448275862,0.28448275862068967,0.27586206896551724,0.25,0.2413793103448276,0.3275862068965517,0.14655172413793102,0.20689655172413793,0.15517241379310345
TBepimetabat2057,0.0,0.08108108108108109,0.08108108108108109,0.05405405405405406,0.13513513513513514,0.02702702702702703,0.04504504504504504,0.036036036036036036,0.22522522522522523,0.009009009009009009,0.018018018018018018,0.0,0.07207207207207207,0.09009009009009009,0.036036036036036036,0.08108108108108109,0.14414414414414414,0.09009009009009009,0.04504504504504504,0.10810810810810811,0.07207207207207207,0.018018018018018018,0.06306306306306306,0.02702702702702703,0.23423423423423423,0.22522522522522523,0.17117117117117117,0.05405405405405406,0.16216216216216217,0.22522522522522523,0.18018018018018017,0.06306306306306306,0.18018018018018017,0.23423423423423423,0.02702702702702703,0.05405405405405406,0.24324324324324326,0.08108108108108109,0.04504504504504504,0.05405405405405406,0.06306306306306306,0.05405405405405406,0.0,0.02702702702702703,0.18018018018018017,0.09009009009009009,0.2072072072072072,0.036036036036036036,0.09009009009009009,0.04504504504504504,0.02702702702702703,0.1981981981981982,0.1981981981981982,0.08108108108108109,0.0990990990990991,0.2702702702702703,0.009009009009009009,0.04504504504504504,0.036036036036036036
TBepimetabat2754,0.023809523809523808,0.03968253968253968,0.03968253968253968,0.03968253968253968,0.12698412698412698,0.015873015873015872,0.047619047619047616,0.03968253968253968,0.18253968253968253,0.007936507936507936,0.023809523809523808,0.0,0.03968253968253968,0.07142857142857142,0.023809523809523808,0.047619047619047616,0.11904761904761904,0.06349206349206349,0.05555555555555555,0.07142857142857142,0.05555555555555555,0.015873015873015872,0.047619047619047616,0.031746031746031744,0.1984126984126984,0.19047619047619047,0.15079365079365079,0.047619047619047616,0.1349206349206349,0.1746031746031746,0.14285714285714285,0.05555555555555555,0.15079365079365079,0.19047619047619047,0.031746031746031744,0.03968253968253968,0.1984126984126984,0.047619047619047616,0.047619047619047616,0.047619047619047616,0.023809523809523808,0.03968253968253968,0.015873015873015872,0.0,0.1746031746031746,0.0873015873015873,0.19047619047619047,0.031746031746031744,0.0873015873015873,0.031746031746031744,0.015873015873015872,0.1746031746031746,0.16666666666666666,0.07936507936507936,0.0873015873015873,0.23809523809523808,0.007936507936507936,0.023809523809523808,0.047619047619047616
TBepimetabat2973,0.10416666666666667,0.14583333333333334,0.16666666666666666,0.10416666666666667,0.08333333333333333,0.07291666666666667,0.11458333333333333,0.16666666666666666,0.16666666666666666,0.125,0.16666666666666666,0.0,0.13541666666666666,0.19791666666666666,0.125,0.15625,0.17708333333333334,0.2604166666666667,0.125,0.23958333333333334,0.16666666666666666,0.16666666666666666,0.21875,0.14583333333333334,0.17708333333333334,0.1875,0.10416666666666667,0.16666666666666666,0.16666666666666666,0.19791666666666666,0.20833333333333334,0.19791666666666666,0.16666666666666666,0.22916666666666666,0.13541666666666666,0.14583333333333334,0.22916666666666666,0.20833333333333334,0.1875,0.11458333333333333,0.10416666666666667,0.08333333333333333,0.15625,0.19791666666666666,0.0,0.20833333333333334,0.21875,0.13541666666666666,0.16666666666666666,0.10416666666666667,0.16666666666666666,0.10416666666666667,0.15625,0.20833333333333334,0.17708333333333334,0.1875,0.020833333333333332,0.13541666666666666,0.0625
TBepimetabat3207,0.05042016806722689,0.05042016806722689,0.07563025210084033,0.05042016806722689,0.12605042016806722,0.008403361344537815,0.058823529411764705,0.05042016806722689,0.16806722689075632,0.05042016806722689,0.058823529411764705,0.0,0.08403361344537816,0.09243697478991597,0.04201680672268908,0.058823529411764705,0.1092436974789916,0.08403361344537816,0.05042016806722689,0.09243697478991597,0.08403361344537816,0.06722689075630252,0.07563025210084033,0.05042016806722689,0.20168067226890757,0.21008403361344538,0.17647058823529413,0.03361344537815126,0.15966386554621848,0.18487394957983194,0.17647058823529413,0.07563025210084033,0.15126050420168066,0.21008403361344538,0.04201680672268908,0.07563025210084033,0.18487394957983194,0.06722689075630252,0.05042016806722689,0.04201680672268908,0.06722689075630252,0.04201680672268908,0.04201680672268908,0.07563025210084033,0.16806722689075632,0.0,0.18487394957983194,0.058823529411764705,0.06722689075630252,0.05042016806722689,0.03361344537815126,0.17647058823529413,0.17647058823529413,0.04201680672268908,0.07563025210084033,0.23529411764705882,0.03361344537815126,0.07563025210084033,0.03361344537815126
TBepimetabat3256,0.06779661016949153,0.06779661016949153,0.0847457627118644,0.1440677966101695,0.05084745762711865,0.025423728813559324,0.1016949152542373,0.1271186440677966,0.1016949152542373,0.1016949152542373,0.09322033898305085,0.00847457627118644,0.11864406779661017,0.17796610169491525,0.07627118644067797,0.11864406779661017,0.15254237288135594,0.16101694915254236,0.1440677966101695,0.16101694915254236,0.15254237288135594,0.11864406779661017,0.15254237288135594,0.0423728813559322,0.1864406779661017,0.1440677966101695,0.09322033898305085,0.13559322033898305,0.0847457627118644,0.11864406779661017,0.1864406779661017,0.13559322033898305,0.1694915254237288,0.11016949152542373,0.06779661016949153,0.1440677966101695,0.15254237288135594,0.07627118644067797,0.13559322033898305,0.11864406779661017,0.06779661016949153,0.07627118644067797,0.1440677966101695,0.15254237288135594,0.11016949152542373,0.15254237288135594,0.0,0.11864406779661017,0.06779661016949153,0.11864406779661017,0.1016949152542373,0.11864406779661017,0.1016949152542373,0.16101694915254236,0.0847457627118644,0.22033898305084745,0.059322033898305086,0.1440677966101695,0.0423728813559322
TBepimetabat3475,0.09302325581395349,0.08527131782945736,0.09302325581395349,0.11627906976744186,0.15503875968992248,0.031007751937984496,0.10852713178294573,0.10852713178294573,0.2248062015503876,0.07751937984496124,0.09302325581395349,0.0,0.11627906976744186,0.15503875968992248,0.05426356589147287,0.10852713178294573,0.17054263565891473,0.13953488372093023,0.09302325581395349,0.14728682170542637,0.13178294573643412,0.07751937984496124,0.12403100775193798,0.07751937984496124,0.24806201550387597,0.24031007751937986,0.20930232558139536,0.10077519379844961,0.20930232558139536,0.24806201550387597,0.21705426356589147,0.12403100775193798,0.17054263565891473,0.24806201550387597,0.08527131782945736,0.10077519379844961,0.2558139534883721,0.08527131782945736,0.08527131782945736,0.12403100775193798,0.05426356589147287,0.10077519379844961,0.09302325581395349,0.10852713178294573,0.18604651162790697,0.16279069767441862,0.24031007751937986,0.0,0.11627906976744186,0.09302325581395349,0.08527131782945736,0.1937984496124031,0.20930232558139536,0.13953488372093023,0.12403100775193798,0.27906976744186046,0.031007751937984496,0.10077519379844961,0.06201550387596899
TBepimetabat4163,0.07446808510638298,0.09574468085106383,0.20212765957446807,0.2127659574468085,0.10638297872340426,0.02127659574468085,0.19148936170212766,0.24468085106382978,0.1276595744680851,0.1276595744680851,0.18085106382978725,0.010638297872340425,0.1702127659574468,0.2978723404255319,0.1595744680851064,0.24468085106382978,0.19148936170212766,0.2872340425531915,0.26595744680851063,0.3191489361702128,0.2127659574468085,0.2127659574468085,0.2872340425531915,0.13829787234042554,0.30851063829787234,0.24468085106382978,0.11702127659574468,0.2127659574468085,0.1702127659574468,0.2872340425531915,0.2127659574468085,0.3191489361702128,0.1702127659574468,0.23404255319148937,0.19148936170212766,0.2553191489361702,0.2978723404255319,0.1702127659574468,0.2872340425531915,0.13829787234042554,0.1702127659574468,0.1595744680851064,0.24468085106382978,0.2978723404255319,0.2553191489361702,0.2978723404255319,0.19148936170212766,0.22340425531914893,0.0,0.26595744680851063,0.22340425531914893,0.24468085106382978,0.26595744680851063,0.3191489361702128,0.22340425531914893,0.3404255319148936,0.1702127659574468,0.2872340425531915,0.18085106382978725
TBepimetabat4208,0.05128205128205128,0.05982905982905983,0.07692307692307693,0.07692307692307693,0.1282051282051282,0.017094017094017096,0.06837606837606838,0.05128205128205128,0.23931623931623933,0.042735042735042736,0.05128205128205128,0.0,0.08547008547008547,0.1111111111111111,0.02564102564102564,0.05128205128205128,0.1452991452991453,0.11965811965811966,0.05982905982905983,0.1282051282051282,0.09401709401709402,0.05128205128205128,0.10256410256410256,0.05982905982905983,0.2222222222222222,0.23076923076923078,0.19658119658119658,0.06837606837606838,0.19658119658119658,0.23931623931623933,0.1794871794871795,0.07692307692307693,0.17094017094017094,0.23931623931623933,0.02564102564102564,0.05982905982905983,0.24786324786324787,0.10256410256410256,0.05982905982905983,0.06837606837606838,0.05982905982905983,0.05128205128205128,0.06837606837606838,0.06837606837606838,0.17094017094017094,0.10256410256410256,0.21367521367521367,0.042735042735042736,0.11965811965811966,0.0,0.042735042735042736,0.19658119658119658,0.18803418803418803,0.08547008547008547,0.10256410256410256,0.23931623931623933,0.008547008547008548,0.05128205128205128,0.042735042735042736
TBhypometabat2152,0.06722689075630252,0.08403361344537816,0.10084033613445378,0.21008403361344538,0.21008403361344538,0.01680672268907563,0.08403361344537816,0.1092436974789916,0.29411764705882354,0.058823529411764705,0.08403361344537816,0.0,0.1092436974789916,0.2184873949579832,0.06722689075630252,0.16806722689075632,0.23529411764705882,0.2184873949579832,0.18487394957983194,0.2184873949579832,0.18487394957983194,0.08403361344537816,0.226890756302521,0.06722689075630252,0.3025210084033613,0.35294117647058826,0.21008403361344538,0.09243697478991597,0.2773109243697479,0.35294117647058826,0.21008403361344538,0.2184873949579832,0.25210084033613445,0.2689075630252101,0.07563025210084033,0.18487394957983194,0.3697478991596639,0.14285714285714285,0.19327731092436976,0.13445378151260504,0.1092436974789916,0.06722689075630252,0.16806722689075632,0.19327731092436976,0.29411764705882354,0.21008403361344538,0.31932773109243695,0.16806722689075632,0.13445378151260504,0.17647058823529413,0.0,0.29411764705882354,0.33613445378151263,0.2184873949579832,0.24369747899159663,0.35294117647058826,0.1092436974789916,0.18487394957983194,0.11764705882352941
TBhypometabat3180,0.08080808080808081,0.08080808080808081,0.1111111111111111,0.08080808080808081,0.08080808080808081,0.04040404040404041,0.08080808080808081,0.13131313131313133,0.12121212121212122,0.08080808080808081,0.1111111111111111,0.0,0.10101010101010101,0.1111111111111111,0.08080808080808081,0.1111111111111111,0.12121212121212122,0.18181818181818182,0.10101010101010101,0.1717171717171717,0.10101010101010101,0.12121212121212122,0.15151515151515152,0.10101010101010101,0.15151515151515152,0.15151515151515152,0.050505050505050504,0.13131313131313133,0.1111111111111111,0.16161616161616163,0.16161616161616163,0.1414141414141414,0.10101010101010101,0.1717171717171717,0.1111111111111111,0.1111111111111111,0.1919191919191919,0.1414141414141414,0.15151515151515152,0.08080808080808081,0.0707070707070707,0.030303030303030304,0.1111111111111111,0.13131313131313133,0.020202020202020204,0.1717171717171717,0.1717171717171717,0.0707070707070707,0.12121212121212122,0.06060606060606061,0.10101010101010101,0.0,0.08080808080808081,0.1414141414141414,0.16161616161616163,0.1414141414141414,0.010101010101010102,0.08080808080808081,0.030303030303030304
TBhypometabat3219,0.09,0.1,0.11,0.12,0.06,0.06,0.1,0.14,0.14,0.13,0.11,0.0,0.14,0.16,0.08,0.12,0.11,0.2,0.15,0.19,0.15,0.11,0.15,0.12,0.15,0.17,0.1,0.11,0.17,0.17,0.17,0.13,0.12,0.18,0.09,0.17,0.19,0.11,0.15,0.11,0.1,0.01,0.17,0.16,0.12,0.2,0.14,0.12,0.15,0.13,0.14,0.14,0.0,0.2,0.16,0.15,0.1,0.14,0.08
TBhypometabat3463,0.02586206896551724,0.034482758620689655,0.07758620689655173,0.04310344827586207,0.1206896551724138,0.008620689655172414,0.0603448275862069,0.04310344827586207,0.1810344827586207,0.05172413793103448,0.05172413793103448,0.0,0.06896551724137931,0.08620689655172414,0.017241379310344827,0.04310344827586207,0.07758620689655173,0.07758620689655173,0.034482758620689655,0.08620689655172414,0.07758620689655173,0.0603448275862069,0.06896551724137931,0.05172413793103448,0.15517241379310345,0.19827586206896552,0.16379310344827586,0.017241379310344827,0.1724137931034483,0.1896551724137931,0.15517241379310345,0.0603448275862069,0.12931034482758622,0.20689655172413793,0.04310344827586207,0.05172413793103448,0.1896551724137931,0.0603448275862069,0.034482758620689655,0.02586206896551724,0.04310344827586207,0.02586206896551724,0.034482758620689655,0.06896551724137931,0.16379310344827586,0.0603448275862069,0.19827586206896552,0.04310344827586207,0.07758620689655173,0.04310344827586207,0.034482758620689655,0.1724137931034483,0.16379310344827586,0.0,0.06896551724137931,0.21551724137931033,0.017241379310344827,0.0603448275862069,0.017241379310344827
TBhypometabat3765,0.045454545454545456,0.06060606060606061,0.06818181818181818,0.05303030303030303,0.12878787878787878,0.022727272727272728,0.09090909090909091,0.07575757575757576,0.1590909090909091,0.06818181818181818,0.06060606060606061,0.007575757575757576,0.09848484848484848,0.10606060606060606,0.05303030303030303,0.06060606060606061,0.1893939393939394,0.08333333333333333,0.09848484848484848,0.11363636363636363,0.10606060606060606,0.06818181818181818,0.07575757575757576,0.045454545454545456,0.23484848484848486,0.17424242424242425,0.1590909090909091,0.08333333333333333,0.12878787878787878,0.1590909090909091,0.17424242424242425,0.09848484848484848,0.18181818181818182,0.1893939393939394,0.05303030303030303,0.08333333333333333,0.16666666666666666,0.05303030303030303,0.09090909090909091,0.07575757575757576,0.030303030303030304,0.07575757575757576,0.07575757575757576,0.08333333333333333,0.16666666666666666,0.08333333333333333,0.1590909090909091,0.06060606060606061,0.03787878787878788,0.06818181818181818,0.08333333333333333,0.1893939393939394,0.17424242424242425,0.09848484848484848,0.0,0.2803030303030303,0.015151515151515152,0.09848484848484848,0.045454545454545456
TBhypometabat3815,0.08264462809917356,0.05785123966942149,0.10743801652892562,0.09917355371900827,0.049586776859504134,0.0,0.11570247933884298,0.09917355371900827,0.09090909090909091,0.11570247933884298,0.10743801652892562,0.0,0.09917355371900827,0.12396694214876033,0.08264462809917356,0.06611570247933884,0.0743801652892562,0.15702479338842976,0.09090909090909091,0.12396694214876033,0.1322314049586777,0.10743801652892562,0.09090909090909091,0.11570247933884298,0.12396694214876033,0.11570247933884298,0.0743801652892562,0.08264462809917356,0.08264462809917356,0.12396694214876033,0.1322314049586777,0.11570247933884298,0.09090909090909091,0.1487603305785124,0.09090909090909091,0.09917355371900827,0.11570247933884298,0.09917355371900827,0.09917355371900827,0.11570247933884298,0.09090909090909091,0.05785123966942149,0.12396694214876033,0.12396694214876033,0.08264462809917356,0.12396694214876033,0.10743801652892562,0.08264462809917356,0.09090909090909091,0.09917355371900827,0.11570247933884298,0.09917355371900827,0.06611570247933884,0.10743801652892562,0.09917355371900827,0.0,0.0743801652892562,0.10743801652892562,0.06611570247933884
TBhypometabat3838,0.09876543209876543,0.1728395061728395,0.2222222222222222,0.18518518518518517,0.2716049382716049,0.08641975308641975,0.18518518518518517,0.20987654320987653,0.38271604938271603,0.19753086419753085,0.1728395061728395,0.012345679012345678,0.2345679012345679,0.2962962962962963,0.1728395061728395,0.19753086419753085,0.2839506172839506,0.25925925925925924,0.19753086419753085,0.2839506172839506,0.2716049382716049,0.1728395061728395,0.2345679012345679,0.12345679012345678,0.41975308641975306,0.41975308641975306,0.32098765432098764,0.20987654320987653,0.37037037037037035,0.41975308641975306,0.35802469135802467,0.2345679012345679,0.30864197530864196,0.43209876543209874,0.1728395061728395,0.2222222222222222,0.4444444444444444,0.20987654320987653,0.2222222222222222,0.19753086419753085,0.1728395061728395,0.13580246913580246,0.18518518518518517,0.2345679012345679,0.2962962962962963,0.25925925925925924,0.3950617283950617,0.1728395061728395,0.20987654320987653,0.19753086419753085,0.19753086419753085,0.37037037037037035,0.37037037037037035,0.24691358024691357,0.20987654320987653,0.4567901234567901,0.0,0.2345679012345679,0.12345679012345678
TBhypometabat680,0.02459016393442623,0.18032786885245902,0.07377049180327869,0.06557377049180328,0.13114754098360656,0.12295081967213115,0.040983606557377046,0.04918032786885246,0.20491803278688525,0.01639344262295082,0.04918032786885246,0.0,0.05737704918032787,0.20491803278688525,0.13114754098360656,0.05737704918032787,0.22950819672131148,0.19672131147540983,0.14754098360655737,0.20491803278688525,0.18032786885245902,0.03278688524590164,0.18032786885245902,0.03278688524590164,0.30327868852459017,0.29508196721311475,0.18032786885245902,0.040983606557377046,0.2540983606557377,0.30327868852459017,0.16393442622950818,0.14754098360655737,0.27049180327868855,0.28688524590163933,0.02459016393442623,0.13934426229508196,0.3114754098360656,0.08196721311475409,0.13934426229508196,0.1721311475409836,0.04918032786885246,0.12295081967213115,0.13114754098360656,0.13114754098360656,0.26229508196721313,0.19672131147540983,0.29508196721311475,0.13934426229508196,0.19672131147540983,0.12295081967213115,0.13934426229508196,0.28688524590163933,0.27049180327868855,0.1885245901639344,0.19672131147540983,0.36065573770491804,0.00819672131147541,0.0,0.13934426229508196
TBhypometabat9906,0.16129032258064516,0.13709677419354838,0.18548387096774194,0.1693548387096774,0.21774193548387097,0.06451612903225806,0.1693548387096774,0.23387096774193547,0.33064516129032256,0.1935483870967742,0.1935483870967742,0.0,0.1774193548387097,0.22580645161290322,0.14516129032258066,0.20161290322580644,0.2661290322580645,0.25806451612903225,0.20967741935483872,0.2661290322580645,0.21774193548387097,0.21774193548387097,0.2661290322580645,0.1774193548387097,0.3548387096774194,0.33064516129032256,0.24193548387096775,0.25,0.28225806451612906,0.3709677419354839,0.29838709677419356,0.24193548387096775,0.25806451612903225,0.3629032258064516,0.1693548387096774,0.20967741935483872,0.3870967741935484,0.1935483870967742,0.24193548387096775,0.1532258064516129,0.1693548387096774,0.12903225806451613,0.20967741935483872,0.25,0.2903225806451613,0.27419354838709675,0.3467741935483871,0.1935483870967742,0.18548387096774194,0.1935483870967742,0.20967741935483872,0.3064516129032258,0.28225806451612906,0.25806451612903225,0.23387096774193547,0.3548387096774194,0.0967741935483871,0.21774193548387097,0.0
